,ML1_FAM_1,ML2_BP_12,ML3_BP_125,ML4_BP_1255,00016274
0,ML1_FAM_1,ML2_BP_12,ML3_BP_125,ML4_BP_1252,5428
1,ML1_FAM_1,ML2_BP_12,ML3_BP_125,ML4_BP_1253,5414
2,ML1_FAM_1,ML2_BP_12,ML3_BP_125,ML4_BP_1251,5799
3,ML1_FAM_1,ML2_BP_12,ML3_BP_125,ML4_BP_1254,5425
4,ML1_FAM_1,ML2_BP_12,ML3_BP_123,ML4_BP_1236,12501
5,ML1_FAM_1,ML2_BP_12,ML3_BP_123,ML4_BP_1233,12507
6,ML1_FAM_1,ML2_BP_12,ML3_BP_123,ML4_BP_1235,70019
7,ML1_FAM_1,ML2_BP_12,ML3_BP_123,ML4_BP_12213,5858
8,ML1_FAM_1,ML2_BP_12,ML3_BP_123,ML4_BP_1231,5407
9,ML1_FAM_1,ML2_BP_12,ML3_BP_123,ML4_BP_1232,5849
10,ML1_FAM_1,ML2_BP_12,ML3_BP_123,ML4_BP_1240,5851
11,ML1_FAM_1,ML2_BP_12,ML3_BP_123,ML4_BP_1239,70003
12,ML1_FAM_1,ML2_BP_12,ML3_BP_123,ML4_BP_1238,5809
13,ML1_FAM_1,ML2_BP_12,ML3_BP_123,ML4_BP_1237,5405
14,ML1_FAM_1,ML2_BP_12,ML3_BP_123,ML4_BP_1234,5412
15,ML1_FAM_1,ML2_BP_12,ML3_BP_128008,ML4_BP_1282008,8627
16,ML1_FAM_1,ML2_BP_12,ML3_BP_128008,ML4_BP_1284008,8488
17,ML1_FAM_1,ML2_BP_12,ML3_BP_128008,ML4_BP_1283008,8626
18,ML1_FAM_1,ML2_BP_12,ML3_BP_1210,ML4_BP_121009008,16562
19,ML1_FAM_1,ML2_BP_12,ML3_BP_1210,ML4_BP_121008008,16561
20,ML1_FAM_1,ML2_BP_12,ML3_BP_1210,ML4_BP_121001008,16545
21,ML1_FAM_1,ML2_BP_12,ML3_BP_1210,ML4_BP_121007008,16560
22,ML1_FAM_1,ML2_BP_12,ML3_BP_1210,ML4_BP_121005008,16555
23,ML1_FAM_1,ML2_BP_12,ML3_BP_1210,ML4_BP_121003008,16547
24,ML1_FAM_1,ML2_BP_12,ML3_BP_1210,ML4_BP_121004008,16548
25,ML1_FAM_1,ML2_BP_12,ML3_BP_1210,ML4_BP_121011008,16549
26,ML1_FAM_1,ML2_BP_12,ML3_BP_1210,ML4_BP_121006008,16554
27,ML1_FAM_1,ML2_BP_12,ML3_BP_1210,ML4_BP_121010008,16551
28,ML1_FAM_1,ML2_BP_12,ML3_BP_1210,ML4_BP_121002008,16546
29,ML1_FAM_1,ML2_BP_12,ML3_BP_124,ML4_BP_1241,5427
30,ML1_FAM_1,ML2_BP_12,ML3_BP_124,ML4_BP_1245,5413
31,ML1_FAM_1,ML2_BP_12,ML3_BP_124,ML4_BP_1246,5857
32,ML1_FAM_1,ML2_BP_12,ML3_BP_124,ML4_BP_1242,5410
33,ML1_FAM_1,ML2_BP_12,ML3_BP_124,ML4_BP_1243,5787
34,ML1_FAM_1,ML2_BP_12,ML3_BP_124,ML4_BP_1244,5862
35,ML1_FAM_1,ML2_BP_12,ML3_BP_121,ML4_BP_1212,5790
36,ML1_FAM_1,ML2_BP_12,ML3_BP_121,ML4_BP_1214,5423
37,ML1_FAM_1,ML2_BP_12,ML3_BP_121,ML4_BP_1219,70004
38,ML1_FAM_1,ML2_BP_12,ML3_BP_121,ML4_BP_1215,5837
39,ML1_FAM_1,ML2_BP_12,ML3_BP_121,ML4_BP_1211,5798
40,ML1_FAM_1,ML2_BP_12,ML3_BP_127,ML4_BP_127502,7177
41,ML1_FAM_1,ML2_BP_12,ML3_BP_127,ML4_BP_127503,8005
42,ML1_FAM_1,ML2_BP_12,ML3_BP_127,ML4_BP_127501,7170
43,ML1_FAM_1,ML2_BP_12,ML3_BP_127,ML4_BP_127504,16453
44,ML1_FAM_1,ML2_BP_12,ML3_BP_127,ML4_BP_1274,12520
45,ML1_FAM_1,ML2_BP_12,ML3_BP_127,ML4_BP_1275,12521
46,ML1_FAM_1,ML2_BP_12,ML3_BP_122,ML4_BP_12214,5404
47,ML1_FAM_1,ML2_BP_12,ML3_BP_122,ML4_BP_1223,12515
48,ML1_FAM_1,ML2_BP_12,ML3_BP_122,ML4_BP_1224,5411
49,ML1_FAM_1,ML2_BP_12,ML3_BP_122,ML4_BP_1221,5793
50,ML1_FAM_1,ML2_BP_12,ML3_BP_122,ML4_BP_1225,12517
51,ML1_FAM_1,ML2_BP_12,ML3_BP_122,ML4_BP_12215,12504
52,ML1_FAM_1,ML2_BP_12,ML3_BP_122,ML4_BP_1222,5792
53,ML1_FAM_1,ML2_BP_12,ML3_BP_129,ML4_BP_1275,7177
54,ML1_FAM_1,ML2_BP_12,ML3_BP_129,ML4_BP_1274,7170
55,ML1_FAM_1,ML2_BP_12,ML3_BP_129,ML4_BP_1292008,13367
56,ML1_FAM_1,ML2_BP_12,ML3_BP_129,ML4_BP_1276,9251
57,ML1_FAM_1,ML2_BP_12,ML3_BP_129,ML4_BP_1293008,13374
58,ML1_FAM_1,ML2_BP_12,ML3_BP_129,ML4_BP_1291008,13354
59,ML1_FAM_1,ML2_BP_12,ML3_BP_1252,ML4_BP_12527008,8757
60,ML1_FAM_1,ML2_BP_12,ML3_BP_1252,ML4_BP_12525008,8755
61,ML1_FAM_1,ML2_BP_12,ML3_BP_1252,ML4_BP_12529008,8759
62,ML1_FAM_1,ML2_BP_12,ML3_BP_1252,ML4_BP_12524008,8754
63,ML1_FAM_1,ML2_BP_12,ML3_BP_1252,ML4_BP_12523008,8753
64,ML1_FAM_1,ML2_BP_12,ML3_BP_1252,ML4_BP_12522008,8752
65,ML1_FAM_1,ML2_BP_12,ML3_BP_1252,ML4_BP_12521008,8751
66,ML1_FAM_1,ML2_BP_12,ML3_BP_1252,ML4_BP_125210008,8760
67,ML1_FAM_1,ML2_BP_12,ML3_BP_1252,ML4_BP_12528008,8758
68,ML1_FAM_1,ML2_BP_12,ML3_BP_128,ML4_BP_128108,16502
69,ML1_FAM_1,ML2_BP_12,ML3_BP_128,ML4_BP_128107,16501
70,ML1_FAM_1,ML2_BP_12,ML3_BP_128,ML4_BP_128106,16500
71,ML1_FAM_1,ML2_BP_12,ML3_BP_128,ML4_BP_128101,16493
72,ML1_FAM_1,ML2_BP_12,ML3_BP_128,ML4_BP_128110,16504
73,ML1_FAM_1,ML2_BP_12,ML3_BP_128,ML4_BP_128111,16505
74,ML1_FAM_1,ML2_BP_12,ML3_BP_128,ML4_BP_128105,16498
75,ML1_FAM_1,ML2_BP_12,ML3_BP_128,ML4_BP_128102,16494
76,ML1_FAM_1,ML2_BP_12,ML3_BP_128,ML4_BP_128103,16495
77,ML1_FAM_1,ML2_BP_12,ML3_BP_128,ML4_BP_128104,16497
78,ML1_FAM_1,ML2_BP_12,ML3_BP_128,ML4_BP_1281,5805
79,ML1_FAM_1,ML2_BP_12,ML3_BP_128,ML4_BP_128109,16503
80,ML1_FAM_1,ML2_BP_12,ML3_BP_123008,ML4_BP_12517008,8434
81,ML1_FAM_1,ML2_BP_12,ML3_BP_123008,ML4_BP_12515008,8425
82,ML1_FAM_1,ML2_BP_17,ML3_BP_172,ML4_BP_1711,6204
83,ML1_FAM_1,ML2_BP_17,ML3_BP_172,ML4_BP_1722,10807
84,ML1_FAM_1,ML2_BP_17,ML3_BP_172,ML4_BP_1729,6129
85,ML1_FAM_1,ML2_BP_17,ML3_BP_172,ML4_BP_1728,6136
86,ML1_FAM_1,ML2_BP_17,ML3_BP_179008,ML4_BP_1796008,10710
87,ML1_FAM_1,ML2_BP_17,ML3_BP_179008,ML4_BP_1794008,10708
88,ML1_FAM_1,ML2_BP_17,ML3_BP_179008,ML4_BP_1791008,10705
89,ML1_FAM_1,ML2_BP_17,ML3_BP_179008,ML4_BP_1792008,10706
90,ML1_FAM_1,ML2_BP_17,ML3_BP_179008,ML4_BP_1793008,10707
91,ML1_FAM_1,ML2_BP_17,ML3_BP_179008,ML4_BP_1795008,10709
92,ML1_FAM_1,ML2_BP_17,ML3_BP_176008,ML4_BP_1762008,10700
93,ML1_FAM_1,ML2_BP_17,ML3_BP_176008,ML4_BP_1764008,10703
94,ML1_FAM_1,ML2_BP_17,ML3_BP_176008,ML4_BP_1763008,10702
95,ML1_FAM_1,ML2_BP_17,ML3_BP_176008,ML4_BP_1761008,10687
96,ML1_FAM_1,ML2_BP_17,ML3_BP_1712,ML4_BP_17121,5864
97,ML1_FAM_1,ML2_BP_17,ML3_BP_174008,ML4_BP_1741008,8500
98,ML1_FAM_1,ML2_BP_17,ML3_BP_178,ML4_BP_17833,6176
99,ML1_FAM_1,ML2_BP_17,ML3_BP_178,ML4_BP_17119|ML4_BP_52211,7229
100,ML1_FAM_1,ML2_BP_17,ML3_BP_178,ML4_BP_1789,9051
101,ML1_FAM_1,ML2_BP_17,ML3_BP_178,ML4_BP_17864,15095
102,ML1_FAM_1,ML2_BP_17,ML3_BP_178,ML4_BP_17116,6120
103,ML1_FAM_1,ML2_BP_17,ML3_BP_178,ML4_BP_17848,6961
104,ML1_FAM_1,ML2_BP_17,ML3_BP_178,ML4_BP_17849,6963
105,ML1_FAM_1,ML2_BP_17,ML3_BP_178,ML4_BP_17866,9054
106,ML1_FAM_1,ML2_BP_17,ML3_BP_178,ML4_BP_1786,7221
107,ML1_FAM_1,ML2_BP_17,ML3_BP_178,ML4_BP_17815,12345
108,ML1_FAM_1,ML2_BP_17,ML3_BP_178,ML4_BP_1789001,13257
109,ML1_FAM_1,ML2_BP_17,ML3_BP_178,ML4_BP_17860,15186
110,ML1_FAM_1,ML2_BP_17,ML3_BP_178,ML4_BP_17840|ML4_BP_5219,7301
111,ML1_FAM_1,ML2_BP_17,ML3_BP_178,ML4_BP_17863,15094
112,ML1_FAM_1,ML2_BP_17,ML3_BP_178,ML4_BP_17862,15093
113,ML1_FAM_1,ML2_BP_17,ML3_BP_178,ML4_BP_1787,7223
114,ML1_FAM_1,ML2_BP_17,ML3_BP_178,ML4_BP_17846,6962
115,ML1_FAM_1,ML2_BP_17,ML3_BP_178,ML4_BP_17834,6122
116,ML1_FAM_1,ML2_BP_17,ML3_BP_178,ML4_BP_17120,7228
117,ML1_FAM_1,ML2_BP_17,ML3_BP_178,ML4_BP_53111,9384
118,ML1_FAM_1,ML2_BP_17,ML3_BP_178,ML4_BP_17841|ML4_BP_52111,7299
119,ML1_FAM_1,ML2_BP_17,ML3_BP_178,ML4_BP_17847,6960
120,ML1_FAM_1,ML2_BP_17,ML3_BP_178,ML4_BP_17832,5859
121,ML1_FAM_1,ML2_BP_17,ML3_BP_178,ML4_BP_5319,9386
122,ML1_FAM_1,ML2_BP_17,ML3_BP_178,ML4_BP_17865,5855
123,ML1_FAM_1,ML2_BP_17,ML3_BP_178,ML4_BP_17839|ML4_BP_5218,7277
124,ML1_FAM_1,ML2_BP_17,ML3_BP_178,ML4_BP_1788,9048
125,ML1_FAM_1,ML2_BP_17,ML3_BP_178,ML4_BP_17861,15306
126,ML1_FAM_1,ML2_BP_17,ML3_BP_178,ML4_BP_17842,5901
127,ML1_FAM_1,ML2_BP_17,ML3_BP_1711008,ML4_BP_17116008,8652
128,ML1_FAM_1,ML2_BP_17,ML3_BP_1711008,ML4_BP_17117008,8764
129,ML1_FAM_1,ML2_BP_17,ML3_BP_1711008,ML4_BP_17122008,8807
130,ML1_FAM_1,ML2_BP_17,ML3_BP_1711008,ML4_BP_17115008,8651
131,ML1_FAM_1,ML2_BP_17,ML3_BP_172008,ML4_BP_1726008,12453
132,ML1_FAM_1,ML2_BP_17,ML3_BP_172008,ML4_BP_1727008,8551
133,ML1_FAM_1,ML2_BP_17,ML3_BP_172008,ML4_BP_1728008,8630
134,ML1_FAM_1,ML2_BP_17,ML3_BP_1780082,ML4_BP_178008201,9195
135,ML1_FAM_1,ML2_BP_17,ML3_BP_1780082,ML4_BP_178008203,9230
136,ML1_FAM_1,ML2_BP_17,ML3_BP_1780081,ML4_BP_178008104,8655
137,ML1_FAM_1,ML2_BP_17,ML3_BP_1780081,ML4_BP_178008103,8640
138,ML1_FAM_1,ML2_BP_17,ML3_BP_1780081,ML4_BP_178008105,8565
139,ML1_FAM_1,ML2_BP_17,ML3_BP_1780081,ML4_BP_178008101,8654
140,ML1_FAM_1,ML2_BP_17,ML3_BP_1780081,ML4_BP_178008106,8567
141,ML1_FAM_1,ML2_BP_17,ML3_BP_1780081,ML4_BP_178008107,8566
142,ML1_FAM_1,ML2_BP_17,ML3_BP_1780081,ML4_BP_178008108,17625
143,ML1_FAM_1,ML2_BP_17,ML3_BP_1780081,ML4_BP_178008102,8492
144,ML1_FAM_1,ML2_BP_17,ML3_BP_179,ML4_BP_1795,6184
145,ML1_FAM_1,ML2_BP_17,ML3_BP_179,ML4_BP_1793,12313
146,ML1_FAM_1,ML2_BP_17,ML3_BP_179,ML4_BP_1791,12357
147,ML1_FAM_1,ML2_BP_17,ML3_BP_179,ML4_BP_1792,6181
148,ML1_FAM_1,ML2_BP_17,ML3_BP_179,ML4_BP_1794,6202
149,ML1_FAM_1,ML2_BP_17,ML3_BP_179,ML4_BP_1796,6199
150,ML1_FAM_1,ML2_BP_17,ML3_BP_173008,ML4_BP_1732008,8781
151,ML1_FAM_1,ML2_BP_17,ML3_BP_1780084,ML4_BP_178008403,13522
152,ML1_FAM_1,ML2_BP_17,ML3_BP_1780084,ML4_BP_178008402,13524
153,ML1_FAM_1,ML2_BP_17,ML3_BP_1780084,ML4_BP_178008401,13521
154,ML1_FAM_1,ML2_BP_17,ML3_BP_173,ML4_BP_1732,5860
155,ML1_FAM_1,ML2_BP_17,ML3_BP_1780083,ML4_BP_178008303,8805
156,ML1_FAM_1,ML2_BP_17,ML3_BP_1780083,ML4_BP_178008301,8803
157,ML1_FAM_1,ML2_BP_17,ML3_BP_1780083,ML4_BP_178008302,8804
158,ML1_FAM_1,ML2_BP_17,ML3_BP_1780083,ML4_BP_178008304,8806
159,ML1_FAM_1,ML2_BP_17,ML3_BP_17201,ML4_BP_17103,12308
160,ML1_FAM_1,ML2_BP_17,ML3_BP_17201,ML4_BP_17104,12377
161,ML1_FAM_1,ML2_BP_17,ML3_BP_17201,ML4_BP_17102,12381
162,ML1_FAM_1,ML2_BP_17,ML3_BP_17201,ML4_BP_17105,12363
163,ML1_FAM_1,ML2_BP_17,ML3_BP_17201,ML4_BP_17101,12379
164,ML1_FAM_1,ML2_BP_17,ML3_BP_1711,ML4_BP_17115,12383
165,ML1_FAM_1,ML2_BP_17,ML3_BP_1711,ML4_BP_17118,12384
166,ML1_FAM_1,ML2_BP_17,ML3_BP_1711,ML4_BP_17117,7333
167,ML1_FAM_1,ML2_BP_17,ML3_BP_1711,ML4_BP_17122,9040
168,ML1_FAM_1,ML2_BP_17,ML3_BP_1713,ML4_BP_171301,15304
169,ML1_FAM_1,ML2_BP_17,ML3_BP_1713,ML4_BP_171302,15385
170,ML1_FAM_1,ML2_BP_17,ML3_BP_1716,ML4_BP_171604,16201
171,ML1_FAM_1,ML2_BP_17,ML3_BP_1716,ML4_BP_171603,16200
172,ML1_FAM_1,ML2_BP_17,ML3_BP_1716,ML4_BP_171605,16202
173,ML1_FAM_1,ML2_BP_17,ML3_BP_1716,ML4_BP_171601,16198
174,ML1_FAM_1,ML2_BP_17,ML3_BP_1716,ML4_BP_171602,16199
175,ML1_FAM_1,ML2_BP_17,ML3_BP_1714,ML4_BP_171412,15306
176,ML1_FAM_1,ML2_BP_17,ML3_BP_1714,ML4_BP_171414,15391
177,ML1_FAM_1,ML2_BP_17,ML3_BP_1714,ML4_BP_171411,15186
178,ML1_FAM_1,ML2_BP_17,ML3_BP_1714,ML4_BP_171413,15551
179,ML1_FAM_1,ML2_BP_17,ML3_BP_1715,ML4_BP_171512,15094
180,ML1_FAM_1,ML2_BP_17,ML3_BP_1715,ML4_BP_171511,15093
181,ML1_FAM_1,ML2_BP_17,ML3_BP_1715,ML4_BP_171513,15095
182,ML1_FAM_1,ML2_BP_17,ML3_BP_1717,ML4_BP_1717010,16197
183,ML1_FAM_1,ML2_BP_17,ML3_BP_1717,ML4_BP_171704,15934
184,ML1_FAM_1,ML2_BP_17,ML3_BP_1717,ML4_BP_171703,15932
185,ML1_FAM_1,ML2_BP_17,ML3_BP_1717,ML4_BP_171709,16195
186,ML1_FAM_1,ML2_BP_17,ML3_BP_1717,ML4_BP_171705,15935
187,ML1_FAM_1,ML2_BP_17,ML3_BP_1717,ML4_BP_171707,16194
188,ML1_FAM_1,ML2_BP_17,ML3_BP_1717,ML4_BP_171702,15933
189,ML1_FAM_1,ML2_BP_17,ML3_BP_1717,ML4_BP_171708,16193
190,ML1_FAM_1,ML2_BP_17,ML3_BP_1717,ML4_BP_171706,16190
191,ML1_FAM_1,ML2_BP_17,ML3_BP_1717,ML4_BP_171701,15848
192,ML1_FAM_1,ML2_BP_17,ML3_BP_176,ML4_BP_1762,6179
193,ML1_FAM_1,ML2_BP_17,ML3_BP_176,ML4_BP_1763,6158
194,ML1_FAM_1,ML2_BP_17,ML3_BP_176,ML4_BP_1764,6312
195,ML1_FAM_1,ML2_BP_13,ML3_BP_131008,ML4_BP_1315008,8430
196,ML1_FAM_1,ML2_BP_13,ML3_BP_131008,ML4_BP_1312008,8431
197,ML1_FAM_1,ML2_BP_13,ML3_BP_131,ML4_BP_1317,6259
198,ML1_FAM_1,ML2_BP_13,ML3_BP_131,ML4_BP_1312,6439
199,ML1_FAM_1,ML2_BP_13,ML3_BP_131,ML4_BP_1316,6285
200,ML1_FAM_1,ML2_BP_13,ML3_BP_131,ML4_BP_1311,6433
201,ML1_FAM_1,ML2_BP_13,ML3_BP_131,ML4_BP_1314,6282
202,ML1_FAM_1,ML2_BP_13,ML3_BP_131,ML4_BP_1318,6250
203,ML1_FAM_1,ML2_BP_13,ML3_BP_132,ML4_BP_13211,12204
204,ML1_FAM_1,ML2_BP_11,ML3_BP_1124,ML4_BP_11261008,8323
205,ML1_FAM_1,ML2_BP_11,ML3_BP_1124,ML4_BP_1128110008,15163
206,ML1_FAM_1,ML2_BP_11,ML3_BP_1124,ML4_BP_1129120008,15162
207,ML1_FAM_1,ML2_BP_11,ML3_BP_1124,ML4_BP_1128090008,15146
208,ML1_FAM_1,ML2_BP_11,ML3_BP_1124,ML4_BP_1128070008,15166
209,ML1_FAM_1,ML2_BP_11,ML3_BP_1124,ML4_BP_11259008,8321
210,ML1_FAM_1,ML2_BP_11,ML3_BP_1124,ML4_BP_1129210008,15164
211,ML1_FAM_1,ML2_BP_11,ML3_BP_1124,ML4_BP_1128100008,15165
212,ML1_FAM_1,ML2_BP_11,ML3_BP_1124,ML4_BP_11260008,8322
213,ML1_FAM_1,ML2_BP_11,ML3_BP_1124,ML4_BP_11263008,8324
214,ML1_FAM_1,ML2_BP_11,ML3_BP_1124,ML4_BP_11262008,8325
215,ML1_FAM_1,ML2_BP_11,ML3_BP_114200001,ML4_BP_11420000122,15127
216,ML1_FAM_1,ML2_BP_11,ML3_BP_114200001,ML4_BP_11420000121,15114
217,ML1_FAM_1,ML2_BP_11,ML3_BP_1152,ML4_BP_115270081,9404
218,ML1_FAM_1,ML2_BP_11,ML3_BP_1152,ML4_BP_115290081,9409
219,ML1_FAM_1,ML2_BP_11,ML3_BP_1152,ML4_BP_1154008,8644
220,ML1_FAM_1,ML2_BP_11,ML3_BP_1152,ML4_BP_115300081,9407
221,ML1_FAM_1,ML2_BP_11,ML3_BP_1152,ML4_BP_115280081,9392
222,ML1_FAM_1,ML2_BP_11,ML3_BP_1152,ML4_BP_115260081,9387
223,ML1_FAM_1,ML2_BP_11,ML3_BP_1152,ML4_BP_1153008,8602
224,ML1_FAM_1,ML2_BP_11,ML3_BP_1152,ML4_BP_1152008,8602
225,ML1_FAM_1,ML2_BP_11,ML3_BP_1142,ML4_BP_11421,13648
226,ML1_FAM_1,ML2_BP_11,ML3_BP_1142,ML4_BP_1142222,15126
227,ML1_FAM_1,ML2_BP_11,ML3_BP_15271,ML4_BP_1527103,12454
228,ML1_FAM_1,ML2_BP_11,ML3_BP_15271,ML4_BP_1527101,12302
229,ML1_FAM_1,ML2_BP_11,ML3_BP_15271,ML4_BP_1527102,12303
230,ML1_FAM_1,ML2_BP_11,ML3_BP_1191,ML4_BP_11913,7361
231,ML1_FAM_1,ML2_BP_11,ML3_BP_1191,ML4_BP_11912,7359
232,ML1_FAM_1,ML2_BP_11,ML3_BP_112,ML4_BP_112031,15837
233,ML1_FAM_1,ML2_BP_11,ML3_BP_112,ML4_BP_11272,12540
234,ML1_FAM_1,ML2_BP_11,ML3_BP_112,ML4_BP_11266,7358
235,ML1_FAM_1,ML2_BP_11,ML3_BP_112,ML4_BP_11273,12539
236,ML1_FAM_1,ML2_BP_11,ML3_BP_112,ML4_BP_11268,12526
237,ML1_FAM_1,ML2_BP_11,ML3_BP_112,ML4_BP_11265,7353
238,ML1_FAM_1,ML2_BP_11,ML3_BP_112,ML4_BP_112912,13506
239,ML1_FAM_1,ML2_BP_11,ML3_BP_112,ML4_BP_11284,7426
240,ML1_FAM_1,ML2_BP_11,ML3_BP_112,ML4_BP_11276,7356
241,ML1_FAM_1,ML2_BP_11,ML3_BP_112,ML4_BP_11282,15840
242,ML1_FAM_1,ML2_BP_11,ML3_BP_112,ML4_BP_11301,9187
243,ML1_FAM_1,ML2_BP_11,ML3_BP_112,ML4_BP_11289,16026
244,ML1_FAM_1,ML2_BP_11,ML3_BP_112,ML4_BP_11281,15839
245,ML1_FAM_1,ML2_BP_11,ML3_BP_112,ML4_BP_11291,16032
246,ML1_FAM_1,ML2_BP_11,ML3_BP_112,ML4_BP_11267,7355
247,ML1_FAM_1,ML2_BP_11,ML3_BP_112,ML4_BP_11278,10636
248,ML1_FAM_1,ML2_BP_11,ML3_BP_112,ML4_BP_112672,8009
249,ML1_FAM_1,ML2_BP_11,ML3_BP_112,ML4_BP_11286,15854
250,ML1_FAM_1,ML2_BP_11,ML3_BP_112,ML4_BP_112931,13543
251,ML1_FAM_1,ML2_BP_11,ML3_BP_112,ML4_BP_112932,13544
252,ML1_FAM_1,ML2_BP_11,ML3_BP_112,ML4_BP_112032,15838
253,ML1_FAM_1,ML2_BP_11,ML3_BP_112,ML4_BP_11269,12543
254,ML1_FAM_1,ML2_BP_11,ML3_BP_112,ML4_BP_112033,15841
255,ML1_FAM_1,ML2_BP_11,ML3_BP_112,ML4_BP_11270,12541
256,ML1_FAM_1,ML2_BP_11,ML3_BP_112,ML4_BP_11275,12534
257,ML1_FAM_1,ML2_BP_11,ML3_BP_112,ML4_BP_112911,13476
258,ML1_FAM_1,ML2_BP_11,ML3_BP_112,ML4_BP_11287,15855
259,ML1_FAM_1,ML2_BP_11,ML3_BP_112,ML4_BP_11274,12389
260,ML1_FAM_1,ML2_BP_11,ML3_BP_112,ML4_BP_11253,12533
261,ML1_FAM_1,ML2_BP_11,ML3_BP_112,ML4_BP_11288,15856
262,ML1_FAM_1,ML2_BP_11,ML3_BP_112,ML4_BP_112921,13525
263,ML1_FAM_1,ML2_BP_11,ML3_BP_112,ML4_BP_11290,16028
264,ML1_FAM_1,ML2_BP_11,ML3_BP_112,ML4_BP_11270,12532
265,ML1_FAM_1,ML2_BP_11,ML3_BP_112,ML4_BP_112922,13526
266,ML1_FAM_1,ML2_BP_11,ML3_BP_16,ML4_BP_1603,12188
267,ML1_FAM_1,ML2_BP_11,ML3_BP_11941,ML4_BP_119411,10769
268,ML1_FAM_1,ML2_BP_11,ML3_BP_1194,ML4_BP_119410,10768
269,ML1_FAM_1,ML2_BP_11,ML3_BP_116,ML4_BP_11612,7423
270,ML1_FAM_1,ML2_BP_11,ML3_BP_116,ML4_BP_1169,7420
271,ML1_FAM_1,ML2_BP_11,ML3_BP_116,ML4_BP_1167,7410
272,ML1_FAM_1,ML2_BP_11,ML3_BP_116,ML4_BP_11611,9206
273,ML1_FAM_1,ML2_BP_11,ML3_BP_116,ML4_BP_11611008,9421
274,ML1_FAM_1,ML2_BP_11,ML3_BP_116,ML4_BP_1165,7409
275,ML1_FAM_1,ML2_BP_11,ML3_BP_116,ML4_BP_1168,7421
276,ML1_FAM_1,ML2_BP_11,ML3_BP_116,ML4_BP_11611,12390
277,ML1_FAM_1,ML2_BP_11,ML3_BP_1171,ML4_BP_117112,13605
278,ML1_FAM_1,ML2_BP_11,ML3_BP_1171,ML4_BP_117113,13625
279,ML1_FAM_1,ML2_BP_11,ML3_BP_1171,ML4_BP_117114,13626
280,ML1_FAM_1,ML2_BP_11,ML3_BP_1171,ML4_BP_117111,13594
281,ML1_FAM_1,ML2_BP_11,ML3_BP_1113008,ML4_BP_1127012008,8750
282,ML1_FAM_1,ML2_BP_11,ML3_BP_1113008,ML4_BP_111301008,11109
283,ML1_FAM_1,ML2_BP_11,ML3_BP_1113008,ML4_BP_1127014008,8544
284,ML1_FAM_1,ML2_BP_11,ML3_BP_1113008,ML4_BP_1127013008,13262
285,ML1_FAM_1,ML2_BP_11,ML3_BP_1113008,ML4_BP_1127010008,15122
286,ML1_FAM_1,ML2_BP_11,ML3_BP_111,ML4_BP_11112,15836
287,ML1_FAM_1,ML2_BP_11,ML3_BP_111,ML4_BP_11114,12342
288,ML1_FAM_1,ML2_BP_11,ML3_BP_111,ML4_BP_11113,15857
289,ML1_FAM_1,ML2_BP_11,ML3_BP_111,ML4_BP_11110,15830
290,ML1_FAM_1,ML2_BP_11,ML3_BP_111,ML4_BP_11115,16027
291,ML1_FAM_1,ML2_BP_11,ML3_BP_111,ML4_BP_11111,15835
292,ML1_FAM_1,ML2_BP_11,ML3_BP_114,ML4_BP_1142,12323
293,ML1_FAM_1,ML2_BP_11,ML3_BP_114,ML4_BP_1141,12345
294,ML1_FAM_1,ML2_BP_11,ML3_BP_114,ML4_BP_1143,12337
295,ML1_FAM_1,ML2_BP_11,ML3_BP_1151,ML4_BP_11515008,8733
296,ML1_FAM_1,ML2_BP_11,ML3_BP_1151,ML4_BP_115110008,8729
297,ML1_FAM_1,ML2_BP_11,ML3_BP_1151,ML4_BP_11512008,8730
298,ML1_FAM_1,ML2_BP_11,ML3_BP_1151,ML4_BP_11519008,8728
299,ML1_FAM_1,ML2_BP_11,ML3_BP_1151,ML4_BP_11511008,8725
300,ML1_FAM_1,ML2_BP_11,ML3_BP_1151,ML4_BP_11518008,8727
301,ML1_FAM_1,ML2_BP_11,ML3_BP_1151,ML4_BP_11513008,8731
302,ML1_FAM_1,ML2_BP_11,ML3_BP_1151,ML4_BP_11516008,8734
303,ML1_FAM_1,ML2_BP_11,ML3_BP_1151,ML4_BP_11514008,8732
304,ML1_FAM_1,ML2_BP_11,ML3_BP_1151,ML4_BP_11517008,8726
305,ML1_FAM_1,ML2_BP_11,ML3_BP_1141,ML4_BP_11413,17429
306,ML1_FAM_1,ML2_BP_11,ML3_BP_1141,ML4_BP_11412,17428
307,ML1_FAM_1,ML2_BP_11,ML3_BP_1141,ML4_BP_11414,13484
308,ML1_FAM_1,ML2_BP_11,ML3_BP_1195,ML4_BP_1195001,11791
309,ML1_FAM_1,ML2_BP_11,ML3_BP_115,ML4_BP_11520008,15916
310,ML1_FAM_1,ML2_BP_11,ML3_BP_115,ML4_BP_115218008,15428
311,ML1_FAM_1,ML2_BP_11,ML3_BP_115,ML4_BP_115219008,15429
312,ML1_FAM_1,ML2_BP_11,ML3_BP_115,ML4_BP_115210008,15392
313,ML1_FAM_1,ML2_BP_11,ML3_BP_115,ML4_BP_1157008,9419
314,ML1_FAM_1,ML2_BP_11,ML3_BP_115,ML4_BP_1158008,9420
315,ML1_FAM_1,ML2_BP_11,ML3_BP_115,ML4_BP_115213008,15396
316,ML1_FAM_1,ML2_BP_11,ML3_BP_115,ML4_BP_115214008,15397
317,ML1_FAM_1,ML2_BP_11,ML3_BP_115,ML4_BP_1151008,8541
318,ML1_FAM_1,ML2_BP_11,ML3_BP_115,ML4_BP_11521008,15921
319,ML1_FAM_1,ML2_BP_11,ML3_BP_115,ML4_BP_11526008,15923
320,ML1_FAM_1,ML2_BP_11,ML3_BP_115,ML4_BP_115216008,15425
321,ML1_FAM_1,ML2_BP_11,ML3_BP_115,ML4_BP_115217008,15427
322,ML1_FAM_1,ML2_BP_11,ML3_BP_115,ML4_BP_115212008,15395
323,ML1_FAM_1,ML2_BP_11,ML3_BP_115,ML4_BP_11524008,15922
324,ML1_FAM_1,ML2_BP_11,ML3_BP_115,ML4_BP_11525008,15908
325,ML1_FAM_1,ML2_BP_11,ML3_BP_115,ML4_BP_1156008,9417
326,ML1_FAM_1,ML2_BP_11,ML3_BP_115,ML4_BP_1153008,9417
327,ML1_FAM_1,ML2_BP_11,ML3_BP_115,ML4_BP_11529008,15927
328,ML1_FAM_1,ML2_BP_11,ML3_BP_115,ML4_BP_115211008,15394
329,ML1_FAM_1,ML2_BP_11,ML3_BP_115,ML4_BP_11522008,15919
330,ML1_FAM_1,ML2_BP_11,ML3_BP_115,ML4_BP_11528008,15924
331,ML1_FAM_1,ML2_BP_11,ML3_BP_115,ML4_BP_11523008,15907
332,ML1_FAM_1,ML2_BP_11,ML3_BP_115,ML4_BP_11527008,15925
333,ML1_FAM_1,ML2_BP_11,ML3_BP_115,ML4_BP_115215008,15424
334,ML1_FAM_1,ML2_BP_11,ML3_BP_1103,ML4_BP_110306,16916
335,ML1_FAM_1,ML2_BP_11,ML3_BP_1103,ML4_BP_110310,16904
336,ML1_FAM_1,ML2_BP_11,ML3_BP_1103,ML4_BP_110312,16912
337,ML1_FAM_1,ML2_BP_11,ML3_BP_1103,ML4_BP_110314,16920
338,ML1_FAM_1,ML2_BP_11,ML3_BP_1103,ML4_BP_110303,16911
339,ML1_FAM_1,ML2_BP_11,ML3_BP_1103,ML4_BP_110302,16910
340,ML1_FAM_1,ML2_BP_11,ML3_BP_1103,ML4_BP_110305,16914
341,ML1_FAM_1,ML2_BP_11,ML3_BP_1103,ML4_BP_110301,16908
342,ML1_FAM_1,ML2_BP_11,ML3_BP_1103,ML4_BP_110311,16909
343,ML1_FAM_1,ML2_BP_11,ML3_BP_1103,ML4_BP_110308,16918
344,ML1_FAM_1,ML2_BP_11,ML3_BP_1103,ML4_BP_110315,16923
345,ML1_FAM_1,ML2_BP_11,ML3_BP_1103,ML4_BP_110307,16917
346,ML1_FAM_1,ML2_BP_11,ML3_BP_1103,ML4_BP_110309,16921
347,ML1_FAM_1,ML2_BP_11,ML3_BP_1103,ML4_BP_110304,16913
348,ML1_FAM_1,ML2_BP_11,ML3_BP_1103,ML4_BP_110313,16915
349,ML1_FAM_1,ML2_BP_11,ML3_BP_1103,ML4_BP_110316,16924
350,ML1_FAM_1,ML2_BP_11,ML3_BP_113,ML4_BP_1131,12324
351,ML1_FAM_1,ML2_BP_11,ML3_BP_113,ML4_BP_1131,12309
352,ML1_FAM_1,ML2_BP_11,ML3_BP_1110,ML4_BP_11103,7357
353,ML1_FAM_1,ML2_BP_11,ML3_BP_1110,ML4_BP_11101,7360
354,ML1_FAM_1,ML2_BP_11,ML3_BP_1110,ML4_BP_11102,7354
355,ML1_FAM_1,ML2_BP_11,ML3_BP_1110,ML4_BP_11104,12529
356,ML1_FAM_1,ML2_BP_11,ML3_BP_1193,ML4_BP_11933,9052
357,ML1_FAM_1,ML2_BP_11,ML3_BP_1193,ML4_BP_11932,10787
358,ML1_FAM_1,ML2_BP_11,ML3_BP_1193,ML4_BP_11931,7192
359,ML1_FAM_1,ML2_BP_11,ML3_BP_1102,ML4_BP_110217,13541
360,ML1_FAM_1,ML2_BP_11,ML3_BP_1102,ML4_BP_110201,12204
361,ML1_FAM_1,ML2_BP_11,ML3_BP_1102,ML4_BP_110204,12443
362,ML1_FAM_1,ML2_BP_11,ML3_BP_1102,ML4_BP_110220,15890
363,ML1_FAM_1,ML2_BP_11,ML3_BP_1102,ML4_BP_110205,12447
364,ML1_FAM_1,ML2_BP_11,ML3_BP_1102,ML4_BP_110222,15894
365,ML1_FAM_1,ML2_BP_11,ML3_BP_1102,ML4_BP_110208,12457
366,ML1_FAM_1,ML2_BP_11,ML3_BP_1102,ML4_BP_110226,15909
367,ML1_FAM_1,ML2_BP_11,ML3_BP_1102,ML4_BP_110223,15895
368,ML1_FAM_1,ML2_BP_11,ML3_BP_1102,ML4_BP_110209,12466
369,ML1_FAM_1,ML2_BP_11,ML3_BP_1102,ML4_BP_110219,15889
370,ML1_FAM_1,ML2_BP_11,ML3_BP_1102,ML4_BP_110216,13546
371,ML1_FAM_1,ML2_BP_11,ML3_BP_1102,ML4_BP_110215,13535
372,ML1_FAM_1,ML2_BP_11,ML3_BP_1102,ML4_BP_110203,12438
373,ML1_FAM_1,ML2_BP_11,ML3_BP_1102,ML4_BP_110202,12436
374,ML1_FAM_1,ML2_BP_11,ML3_BP_1102,ML4_BP_110218,15667
375,ML1_FAM_1,ML2_BP_11,ML3_BP_1102,ML4_BP_110214,13534
376,ML1_FAM_1,ML2_BP_11,ML3_BP_1102,ML4_BP_110212,13530
377,ML1_FAM_1,ML2_BP_11,ML3_BP_1102,ML4_BP_110221,15893
378,ML1_FAM_1,ML2_BP_11,ML3_BP_1102,ML4_BP_110211,13507
379,ML1_FAM_1,ML2_BP_11,ML3_BP_1102,ML4_BP_110206,12448
380,ML1_FAM_1,ML2_BP_11,ML3_BP_1102,ML4_BP_110210,12468
381,ML1_FAM_1,ML2_BP_11,ML3_BP_1102,ML4_BP_110213,13532
382,ML1_FAM_1,ML2_BP_11,ML3_BP_1102,ML4_BP_110224,15898
383,ML1_FAM_1,ML2_BP_11,ML3_BP_1102,ML4_BP_110225,15900
384,ML1_FAM_1,ML2_BP_11,ML3_BP_1102,ML4_BP_110207,12451
385,ML1_FAM_1,ML2_BP_11,ML3_BP_117,ML4_BP_11716,6995
386,ML1_FAM_1,ML2_BP_11,ML3_BP_117,ML4_BP_11710,7419
387,ML1_FAM_1,ML2_BP_11,ML3_BP_117,ML4_BP_11718,7414
388,ML1_FAM_1,ML2_BP_11,ML3_BP_117,ML4_BP_11711,7416
389,ML1_FAM_1,ML2_BP_11,ML3_BP_117,ML4_BP_1179,7429
390,ML1_FAM_1,ML2_BP_11,ML3_BP_117,ML4_BP_11717,6997
391,ML1_FAM_1,ML2_BP_11,ML3_BP_117,ML4_BP_11715,12318
392,ML1_FAM_1,ML2_BP_11,ML3_BP_117,ML4_BP_11714,7417
393,ML1_FAM_1,ML2_BP_11,ML3_BP_117,ML4_BP_11713,7425
394,ML1_FAM_1,ML2_BP_11,ML3_BP_119,ML4_BP_11948,12332
395,ML1_FAM_1,ML2_BP_11,ML3_BP_119,ML4_BP_11941,12305
396,ML1_FAM_1,ML2_BP_11,ML3_BP_119,ML4_BP_11911,12530
397,ML1_FAM_1,ML2_BP_11,ML3_BP_119,ML4_BP_11942,12372
398,ML1_FAM_1,ML2_BP_11,ML3_BP_119,ML4_BP_11952,12316
399,ML1_FAM_1,ML2_BP_11,ML3_BP_119,ML4_BP_11922,12528
400,ML1_FAM_1,ML2_BP_11,ML3_BP_119,ML4_BP_11923,12538
401,ML1_FAM_1,ML2_BP_11,ML3_BP_119,ML4_BP_11943,12368
402,ML1_FAM_1,ML2_BP_11,ML3_BP_119,ML4_BP_11951,12351
403,ML1_FAM_1,ML2_BP_11,ML3_BP_119,ML4_BP_11914,12536
404,ML1_FAM_1,ML2_BP_11,ML3_BP_119,ML4_BP_11921,12531
405,ML1_FAM_1,ML2_BP_11,ML3_BP_119,ML4_BP_11942,12372
406,ML1_FAM_1,ML2_BP_11,ML3_BP_119,ML4_BP_11947,12310
407,ML1_FAM_1,ML2_BP_11,ML3_BP_119,ML4_BP_1195,7193
408,ML1_FAM_1,ML2_BP_11,ML3_BP_119,ML4_BP_11944,12330
409,ML1_FAM_1,ML2_BP_11,ML3_BP_1113,ML4_BP_1127702,12589
410,ML1_FAM_1,ML2_BP_11,ML3_BP_1113,ML4_BP_1127705,16463
411,ML1_FAM_1,ML2_BP_11,ML3_BP_1113,ML4_BP_1127703,13254
412,ML1_FAM_1,ML2_BP_11,ML3_BP_1113,ML4_BP_111102,10858
413,ML1_FAM_1,ML2_BP_11,ML3_BP_1113,ML4_BP_1127701,9213
414,ML1_FAM_1,ML2_BP_11,ML3_BP_1113,ML4_BP_1127704,15139
415,ML1_FAM_1,ML2_BP_14,ML3_BP_1410081,ML4_BP_1412008,8742
416,ML1_FAM_1,ML2_BP_14,ML3_BP_1410081,ML4_BP_1411008,8745
417,ML1_FAM_1,ML2_BP_14,ML3_BP_1410081,ML4_BP_1414008,8744
418,ML1_FAM_1,ML2_BP_14,ML3_BP_1410081,ML4_BP_1415008,8746
419,ML1_FAM_1,ML2_BP_14,ML3_BP_1410081,ML4_BP_1413008,8743
420,ML1_FAM_1,ML2_BP_14,ML3_BP_1440081,ML4_BP_1447008,8585
421,ML1_FAM_1,ML2_BP_14,ML3_BP_1440081,ML4_BP_1448008,8584
422,ML1_FAM_1,ML2_BP_14,ML3_BP_1440081,ML4_BP_1446008,8583
423,ML1_FAM_1,ML2_BP_14,ML3_BP_1440081,ML4_BP_1445008,8582
424,ML1_FAM_1,ML2_BP_14,ML3_BP_14102,ML4_BP_1416,6348
425,ML1_FAM_1,ML2_BP_14,ML3_BP_14102,ML4_BP_1419,6363
426,ML1_FAM_1,ML2_BP_14,ML3_BP_14102,ML4_BP_1418,6371
427,ML1_FAM_1,ML2_BP_14,ML3_BP_14102,ML4_BP_1417,6358
428,ML1_FAM_1,ML2_BP_14,ML3_BP_14102,ML4_BP_1420,6365
429,ML1_FAM_1,ML2_BP_14,ML3_BP_140002,ML4_BP_14000202,17438
430,ML1_FAM_1,ML2_BP_14,ML3_BP_140002,ML4_BP_14000201,17432
431,ML1_FAM_1,ML2_BP_14,ML3_BP_1430082,ML4_BP_1432008,8773
432,ML1_FAM_1,ML2_BP_14,ML3_BP_1430082,ML4_BP_1438008,8660
433,ML1_FAM_1,ML2_BP_14,ML3_BP_1430082,ML4_BP_1437008,8659
434,ML1_FAM_1,ML2_BP_14,ML3_BP_14612,ML4_BP_14612,6430
435,ML1_FAM_1,ML2_BP_14,ML3_BP_14612,ML4_BP_14611,12400
436,ML1_FAM_1,ML2_BP_14,ML3_BP_14612,ML4_BP_14610,12399
437,ML1_FAM_1,ML2_BP_14,ML3_BP_14612,ML4_BP_1469,12398
438,ML1_FAM_1,ML2_BP_14,ML3_BP_14712,ML4_BP_14712,6349
439,ML1_FAM_1,ML2_BP_14,ML3_BP_14712,ML4_BP_1479,12393
440,ML1_FAM_1,ML2_BP_14,ML3_BP_14712,ML4_BP_14711,6339
441,ML1_FAM_1,ML2_BP_14,ML3_BP_14712,ML4_BP_14710,6352
442,ML1_FAM_1,ML2_BP_14,ML3_BP_1470082,ML4_BP_14712008,8453
443,ML1_FAM_1,ML2_BP_14,ML3_BP_1470082,ML4_BP_1479008,8452
444,ML1_FAM_1,ML2_BP_14,ML3_BP_1470082,ML4_BP_14710008,8441
445,ML1_FAM_1,ML2_BP_14,ML3_BP_1470082,ML4_BP_14711008,8442
446,ML1_FAM_1,ML2_BP_14,ML3_BP_1442,ML4_BP_14413,6337
447,ML1_FAM_1,ML2_BP_14,ML3_BP_1442,ML4_BP_14414,6354
448,ML1_FAM_1,ML2_BP_14,ML3_BP_1442,ML4_BP_14415,6356
449,ML1_FAM_1,ML2_BP_14,ML3_BP_1442,ML4_BP_14416,6320
450,ML1_FAM_1,ML2_BP_14,ML3_BP_1452,ML4_BP_14511,6351
451,ML1_FAM_1,ML2_BP_14,ML3_BP_1452,ML4_BP_14512,6355
452,ML1_FAM_1,ML2_BP_14,ML3_BP_1452,ML4_BP_1459,12395
453,ML1_FAM_1,ML2_BP_14,ML3_BP_1452,ML4_BP_14510,70002
454,ML1_FAM_1,ML2_BP_14,ML3_BP_140001,ML4_BP_14000102,18460
455,ML1_FAM_1,ML2_BP_14,ML3_BP_140001,ML4_BP_14000101,16810
456,ML1_FAM_1,ML2_BP_14,ML3_BP_1410082,ML4_BP_1417008,8739
457,ML1_FAM_1,ML2_BP_14,ML3_BP_1410082,ML4_BP_1419008,8741
458,ML1_FAM_1,ML2_BP_14,ML3_BP_1410082,ML4_BP_1420008,8749
459,ML1_FAM_1,ML2_BP_14,ML3_BP_1410082,ML4_BP_1416008,8748
460,ML1_FAM_1,ML2_BP_14,ML3_BP_1440082,ML4_BP_14413008,8511
461,ML1_FAM_1,ML2_BP_14,ML3_BP_1440082,ML4_BP_14414008,8512
462,ML1_FAM_1,ML2_BP_14,ML3_BP_1440082,ML4_BP_14415008,8513
463,ML1_FAM_1,ML2_BP_14,ML3_BP_1440082,ML4_BP_14416008,8508
464,ML1_FAM_1,ML2_BP_14,ML3_BP_1430081,ML4_BP_1433008,8610
465,ML1_FAM_1,ML2_BP_14,ML3_BP_1430081,ML4_BP_1434008,8608
466,ML1_FAM_1,ML2_BP_14,ML3_BP_1430081,ML4_BP_1431008,8775
467,ML1_FAM_1,ML2_BP_14,ML3_BP_1430081,ML4_BP_1439008,8607
468,ML1_FAM_1,ML2_BP_14,ML3_BP_1450081,ML4_BP_14516008,8581
469,ML1_FAM_1,ML2_BP_14,ML3_BP_1450081,ML4_BP_14513008,8578
470,ML1_FAM_1,ML2_BP_14,ML3_BP_1450081,ML4_BP_14515008,8580
471,ML1_FAM_1,ML2_BP_14,ML3_BP_1450081,ML4_BP_14514008,8579
472,ML1_FAM_1,ML2_BP_14,ML3_BP_1441,ML4_BP_1446,6429
473,ML1_FAM_1,ML2_BP_14,ML3_BP_1441,ML4_BP_1445,6426
474,ML1_FAM_1,ML2_BP_14,ML3_BP_1441,ML4_BP_1447,6411
475,ML1_FAM_1,ML2_BP_14,ML3_BP_1441,ML4_BP_1448,6304
476,ML1_FAM_1,ML2_BP_14,ML3_BP_14112,ML4_BP_14610008,8439
477,ML1_FAM_1,ML2_BP_14,ML3_BP_14112,ML4_BP_14612008,8451
478,ML1_FAM_1,ML2_BP_14,ML3_BP_14112,ML4_BP_1469008,8450
479,ML1_FAM_1,ML2_BP_14,ML3_BP_14112,ML4_BP_14611008,8440
480,ML1_FAM_1,ML2_BP_14,ML3_BP_14611,ML4_BP_14615,6374
481,ML1_FAM_1,ML2_BP_14,ML3_BP_14611,ML4_BP_14614,12402
482,ML1_FAM_1,ML2_BP_14,ML3_BP_14611,ML4_BP_14616,6376
483,ML1_FAM_1,ML2_BP_14,ML3_BP_14611,ML4_BP_14613,12392
484,ML1_FAM_1,ML2_BP_14,ML3_BP_1431,ML4_BP_1433,6375
485,ML1_FAM_1,ML2_BP_14,ML3_BP_1431,ML4_BP_1431,6347
486,ML1_FAM_1,ML2_BP_14,ML3_BP_1431,ML4_BP_1434,6422
487,ML1_FAM_1,ML2_BP_14,ML3_BP_1431,ML4_BP_1439,12401
488,ML1_FAM_1,ML2_BP_14,ML3_BP_14111,ML4_BP_14613008,8568
489,ML1_FAM_1,ML2_BP_14,ML3_BP_14111,ML4_BP_14615008,8570
490,ML1_FAM_1,ML2_BP_14,ML3_BP_14111,ML4_BP_14616008,8571
491,ML1_FAM_1,ML2_BP_14,ML3_BP_14111,ML4_BP_14614008,8569
492,ML1_FAM_1,ML2_BP_14,ML3_BP_1451,ML4_BP_14513,12396
493,ML1_FAM_1,ML2_BP_14,ML3_BP_1451,ML4_BP_14514,6368
494,ML1_FAM_1,ML2_BP_14,ML3_BP_1451,ML4_BP_14515,6377
495,ML1_FAM_1,ML2_BP_14,ML3_BP_1451,ML4_BP_14516,6408
496,ML1_FAM_1,ML2_BP_14,ML3_BP_1481,ML4_BP_1486,6364
497,ML1_FAM_1,ML2_BP_14,ML3_BP_1481,ML4_BP_1482,6353
498,ML1_FAM_1,ML2_BP_14,ML3_BP_1450082,ML4_BP_14510008,8447
499,ML1_FAM_1,ML2_BP_14,ML3_BP_1450082,ML4_BP_1459008,8446
500,ML1_FAM_1,ML2_BP_14,ML3_BP_1450082,ML4_BP_14512008,8449
501,ML1_FAM_1,ML2_BP_14,ML3_BP_1450082,ML4_BP_14511008,8448
502,ML1_FAM_1,ML2_BP_14,ML3_BP_1470081,ML4_BP_14715008,8574
503,ML1_FAM_1,ML2_BP_14,ML3_BP_1470081,ML4_BP_14714008,8573
504,ML1_FAM_1,ML2_BP_14,ML3_BP_1470081,ML4_BP_14713008,8572
505,ML1_FAM_1,ML2_BP_14,ML3_BP_1470081,ML4_BP_14716008,8575
506,ML1_FAM_1,ML2_BP_14,ML3_BP_1480082,ML4_BP_1488008,8537
507,ML1_FAM_1,ML2_BP_14,ML3_BP_1480082,ML4_BP_1484008,8536
508,ML1_FAM_1,ML2_BP_14,ML3_BP_14711,ML4_BP_14715,6424
509,ML1_FAM_1,ML2_BP_14,ML3_BP_14711,ML4_BP_14714,6373
510,ML1_FAM_1,ML2_BP_14,ML3_BP_14711,ML4_BP_14716,6427
511,ML1_FAM_1,ML2_BP_14,ML3_BP_14711,ML4_BP_14713,12397
512,ML1_FAM_1,ML2_BP_14,ML3_BP_1482,ML4_BP_1484,6303
513,ML1_FAM_1,ML2_BP_14,ML3_BP_1482,ML4_BP_1488,12366
514,ML1_FAM_1,ML2_BP_14,ML3_BP_14101,ML4_BP_1413,6382
515,ML1_FAM_1,ML2_BP_14,ML3_BP_14101,ML4_BP_1415,6419
516,ML1_FAM_1,ML2_BP_14,ML3_BP_14101,ML4_BP_1414,6307
517,ML1_FAM_1,ML2_BP_14,ML3_BP_14101,ML4_BP_1411,12394
518,ML1_FAM_1,ML2_BP_14,ML3_BP_14101,ML4_BP_1412,6383
519,ML1_FAM_1,ML2_BP_14,ML3_BP_1480081,ML4_BP_1486008,8576
520,ML1_FAM_1,ML2_BP_14,ML3_BP_1480081,ML4_BP_1482008,8577
521,ML1_FAM_1,ML2_BP_14,ML3_BP_1432,ML4_BP_1432,6409
522,ML1_FAM_1,ML2_BP_14,ML3_BP_1432,ML4_BP_1438,6392
523,ML1_FAM_1,ML2_BP_14,ML3_BP_1432,ML4_BP_1437,12391
524,ML1_FAM_1,ML2_BP_15,ML3_BP_1527,ML4_BP_1527004,15391
525,ML1_FAM_1,ML2_BP_15,ML3_BP_1527,ML4_BP_1527001,15186
526,ML1_FAM_1,ML2_BP_15,ML3_BP_1527,ML4_BP_1527002,15306
527,ML1_FAM_1,ML2_BP_15,ML3_BP_1527,ML4_BP_1527003,15551
528,ML1_FAM_1,ML2_BP_15,ML3_BP_1529,ML4_BP_152902,12200
529,ML1_FAM_1,ML2_BP_15,ML3_BP_1529,ML4_BP_152904,12474
530,ML1_FAM_1,ML2_BP_15,ML3_BP_1529,ML4_BP_152903,12440
531,ML1_FAM_1,ML2_BP_15,ML3_BP_1529,ML4_BP_152907,13223
532,ML1_FAM_1,ML2_BP_15,ML3_BP_1529,ML4_BP_152908,12444
533,ML1_FAM_1,ML2_BP_15,ML3_BP_1529,ML4_BP_152905,12465
534,ML1_FAM_1,ML2_BP_15,ML3_BP_156,ML4_BP_15635,13535
535,ML1_FAM_1,ML2_BP_15,ML3_BP_156,ML4_BP_15632,13530
536,ML1_FAM_1,ML2_BP_15,ML3_BP_156,ML4_BP_15636,13546
537,ML1_FAM_1,ML2_BP_15,ML3_BP_156,ML4_BP_15537,13541
538,ML1_FAM_1,ML2_BP_15,ML3_BP_156,ML4_BP_15633,13532
539,ML1_FAM_1,ML2_BP_15,ML3_BP_156,ML4_BP_15634,13534
540,ML1_FAM_1,ML2_BP_15,ML3_BP_156,ML4_BP_15631,13507
541,ML1_FAM_1,ML2_BP_15,ML3_BP_15271,ML4_BP_152703,12454
542,ML1_FAM_1,ML2_BP_15,ML3_BP_15271,ML4_BP_152701,12302
543,ML1_FAM_1,ML2_BP_15,ML3_BP_15271,ML4_BP_152702,12303
544,ML1_FAM_1,ML2_BP_15,ML3_BP_155,ML4_BP_15527,15889
545,ML1_FAM_1,ML2_BP_15,ML3_BP_155,ML4_BP_15512,12204
546,ML1_FAM_1,ML2_BP_15,ML3_BP_155,ML4_BP_15530,15894
547,ML1_FAM_1,ML2_BP_15,ML3_BP_155,ML4_BP_15532,15898
548,ML1_FAM_1,ML2_BP_15,ML3_BP_155,ML4_BP_15529,15893
549,ML1_FAM_1,ML2_BP_15,ML3_BP_155,ML4_BP_15519,12457
550,ML1_FAM_1,ML2_BP_15,ML3_BP_155,ML4_BP_15515,12443
551,ML1_FAM_1,ML2_BP_15,ML3_BP_155,ML4_BP_15518,12451
552,ML1_FAM_1,ML2_BP_15,ML3_BP_155,ML4_BP_15520,12466
553,ML1_FAM_1,ML2_BP_15,ML3_BP_155,ML4_BP_15517,12448
554,ML1_FAM_1,ML2_BP_15,ML3_BP_155,ML4_BP_15533,15900
555,ML1_FAM_1,ML2_BP_15,ML3_BP_155,ML4_BP_15531,15895
556,ML1_FAM_1,ML2_BP_15,ML3_BP_155,ML4_BP_15526,15667
557,ML1_FAM_1,ML2_BP_15,ML3_BP_155,ML4_BP_15516,12447
558,ML1_FAM_1,ML2_BP_15,ML3_BP_155,ML4_BP_15513,12436
559,ML1_FAM_1,ML2_BP_15,ML3_BP_155,ML4_BP_15521,12468
560,ML1_FAM_1,ML2_BP_15,ML3_BP_155,ML4_BP_15514,12438
561,ML1_FAM_1,ML2_BP_15,ML3_BP_155,ML4_BP_15534,15909
562,ML1_FAM_1,ML2_BP_15,ML3_BP_155,ML4_BP_15528,15890
563,ML1_FAM_1,ML2_BP_15,ML3_BP_1594,ML4_BP_15943,12441
564,ML1_FAM_1,ML2_BP_15,ML3_BP_1594,ML4_BP_15944,12442
565,ML1_FAM_1,ML2_BP_15,ML3_BP_154,ML4_BP_15411,9247
566,ML1_FAM_1,ML2_BP_15,ML3_BP_151,ML4_BP_15125777,16130
567,ML1_FAM_1,ML2_BP_15,ML3_BP_1517,ML4_BP_15182,9044
568,ML1_FAM_1,ML2_BP_15,ML3_BP_1517,ML4_BP_15179,9032
569,ML1_FAM_1,ML2_BP_15,ML3_BP_1517,ML4_BP_15183,9033
570,ML1_FAM_1,ML2_BP_15,ML3_BP_1517,ML4_BP_15178,9039
571,ML1_FAM_1,ML2_BP_15,ML3_BP_1517,ML4_BP_15180,9043
572,ML1_FAM_1,ML2_BP_15,ML3_BP_1517,ML4_BP_15181,9034
573,ML1_FAM_1,ML2_BP_15,ML3_BP_1515,ML4_BP_15153008,8314
574,ML1_FAM_1,ML2_BP_15,ML3_BP_1515,ML4_BP_15153008,8315
575,ML1_FAM_1,ML2_BP_15,ML3_BP_1515,ML4_BP_15152008,8313
576,ML1_FAM_1,ML2_BP_15,ML3_BP_1515,ML4_BP_15151008,8312
577,ML1_FAM_1,ML2_BP_15,ML3_BP_158,ML4_BP_1582,6993
578,ML1_FAM_1,ML2_BP_15,ML3_BP_158,ML4_BP_1583,7430
579,ML1_FAM_1,ML2_BP_15,ML3_BP_158,ML4_BP_15910,7415
580,ML1_FAM_1,ML2_BP_15,ML3_BP_158,ML4_BP_15914,6992
581,ML1_FAM_1,ML2_BP_15,ML3_BP_158,ML4_BP_15912,7413
582,ML1_FAM_1,ML2_BP_15,ML3_BP_158,ML4_BP_15911,7422
583,ML1_FAM_1,ML2_BP_15,ML3_BP_158,ML4_BP_1581,6440
584,ML1_FAM_1,ML2_BP_15,ML3_BP_158,ML4_BP_1584,7424
585,ML1_FAM_1,ML2_BP_15,ML3_BP_158,ML4_BP_15915,7428
586,ML1_FAM_1,ML2_BP_15,ML3_BP_158,ML4_BP_1585,7418
587,ML1_FAM_1,featured_product,featured_product2,ML4_BP_11274008,9412
588,ML1_FAM_1,featured_product,featured_product2,ML4_BP_17842008,8655
589,ML1_FAM_1,featured_product,featured_product2,ML4_BP_11274008,8544
590,ML1_FAM_1,featured_product,featured_product2,ML4_BP_15151008,8312
591,ML1_FAM_1,featured_product,featured_product2,ML4_BP_17122008,8807
592,ML1_FAM_1,featured_product,featured_product2,ML4_BP_17839008,8808
593,ML1_FAM_1,featured_product,featured_product2,ML4_BP_17857008,9272
594,ML1_FAM_1,featured_product,featured_product2,ML4_BP_11511100803,8732
595,ML1_FAM_1,featured_product,featured_product2,ML4_BP_15259008,8321
596,ML1_FAM_1,featured_product,featured_product2,ML4_BP_171303,13299
597,ML1_FAM_1,featured_product,featured_product2,ML4_BP_11511100801,8726
598,ML1_FAM_1,featured_product,featured_product2,ML4_BP_17846008,8761
599,ML1_FAM_1,featured_product,featured_product2,ML4_BP_11611008,9421
600,ML1_FAM_1,featured_product,featured_product2,ML4_BP_1789008,8806
601,ML1_FAM_1,featured_product,featured_product2,ML4_BP_11511100802,8730
602,ML1_FAM_1,featured_product,featured_product2,ML4_BP_17847008,8762
603,ML1_FAM_1,featured_product,featured_product2,ML4_BP_1788008,8805
604,ML1_FAM_1,featured_product,featured_product2,ML4_BP_17841008,8810
605,ML1_FAM_1,featured_product,featured_product2,ML4_BP_11277008,9410
606,ML1_FAM_1,featured_product,featured_product2,ML4_BP_17840008,8809
607,ML1_FAM_1,featured_product,featured_product2,ML4_BP_17849008,8724
608,ML1_FAM_1,featured_product,featured_product2,ML4_BP_11261008,8323
609,ML1_FAM_1,featured_product,featured_product2,ML4_BP_17844008,8657
610,ML1_FAM_1,featured_product,featured_product2,ML4_BP_17116008,8652
611,ML1_FAM_1,featured_product,featured_product2,ML4_BP_1787008,8804
612,ML1_FAM_1,featured_product,featured_product2,ML4_BP_1127013008,13262
613,ML1_FAM_1,featured_product,featured_product2,ML4_BP_17848008,8763
614,ML1_FAM_1,featured_product,featured_product2,ML4_BP_17119008,8492
615,ML1_FAM_1,featured_product,featured_product2,ML4_BP_1786008,8803
616,ML1_FAM_1,featured_product,featured_product2,ML4_BP_11420000123,15127
617,ML1_FAM_1,featured_product,featured_product2,ML4_BP_17120008,8640
618,ML1_FAM_1,featured_product,featured_product2,ML4_BP_11260008,8322
619,ML1_FAM_1,featured_product,featured_product2,ML4_BP_11262008,8325
620,ML1_FAM_1,featured_product,featured_product1,ML4_BP_1527202,12303
621,ML1_FAM_1,featured_product,featured_product1,ML4_BP_11281,7430
622,ML1_FAM_1,featured_product,featured_product1,ML4_BP_17120|ML4_BP_52212,7228
623,ML1_FAM_1,featured_product,featured_product1,ML4_BP_1527201,12302
624,ML1_FAM_1,featured_product,featured_product1,ML4_BP_1527203,12454
625,ML1_FAM_1,featured_product,featured_product1,ML4_BP_14413,6337
626,ML1_FAM_1,featured_product,featured_product1,ML4_BP_1168,7421
627,ML1_FAM_1,featured_product,featured_product1,ML4_BP_17118,7334
628,ML1_FAM_1,featured_product,featured_product1,ML4_BP_1527204,7415
629,ML1_FAM_1,featured_product,featured_product1,ML4_BP_1142223,15126
630,ML1_FAM_1,featured_product,featured_product1,ML4_BP_17119|ML4_BP_52211,7229
631,ML1_FAM_1,featured_product,featured_product1,ML4_BP_1527205,7428
632,ML1_FAM_1,ML2_BP_18,ML3_BP_1811,ML4_BP_181103,11104
633,ML1_FAM_1,ML2_BP_18,ML3_BP_1811,ML4_BP_181101,10794
634,ML1_FAM_1,ML2_BP_18,ML3_BP_1811,ML4_BP_181104,11106
635,ML1_FAM_1,ML2_BP_18,ML3_BP_1811,ML4_BP_181102,11103
636,ML1_FAM_1,ML2_BP_18,ML3_BP_181,ML4_BP_1814,9090
637,ML1_FAM_1,ML2_BP_18,ML3_BP_181,ML4_BP_1813,9087
638,ML1_FAM_1,ML2_BP_18,ML3_BP_181,ML4_BP_1811,9079
639,ML1_FAM_1,ML2_BP_18,ML3_BP_181,ML4_BP_1816,9065
640,ML1_FAM_1,ML2_BP_18,ML3_BP_181,ML4_BP_1818,9094
641,ML1_FAM_1,ML2_BP_18,ML3_BP_181,ML4_BP_18110,9095
642,ML1_FAM_1,ML2_BP_18,ML3_BP_181,ML4_BP_1817,9071
643,ML1_FAM_1,ML2_BP_18,ML3_BP_181,ML4_BP_1815,9096
644,ML1_FAM_1,ML2_BP_18,ML3_BP_188,ML4_BP_1882,9269
645,ML1_FAM_1,ML2_BP_18,ML3_BP_188,ML4_BP_1883,9091
646,ML1_FAM_1,ML2_BP_18,ML3_BP_188,ML4_BP_1885,9070
647,ML1_FAM_1,ML2_BP_18,ML3_BP_188,ML4_BP_1884,9092
648,ML1_FAM_1,ML2_BP_18,ML3_BP_188,ML4_BP_1881,9093
649,ML1_FAM_1,ML2_BP_18,ML3_BP_1813,ML4_BP_181010,9078
650,ML1_FAM_1,ML2_BP_18,ML3_BP_1813,ML4_BP_181005,9077
651,ML1_FAM_1,ML2_BP_18,ML3_BP_1813,ML4_BP_181004,9083
652,ML1_FAM_1,ML2_BP_18,ML3_BP_1813,ML4_BP_181008,9089
653,ML1_FAM_1,ML2_BP_18,ML3_BP_1813,ML4_BP_181006,9072
654,ML1_FAM_1,ML2_BP_18,ML3_BP_1813,ML4_BP_181011,9067
655,ML1_FAM_1,ML2_BP_18,ML3_BP_1813,ML4_BP_181001,9076
656,ML1_FAM_1,ML2_BP_18,ML3_BP_1813,ML4_BP_181009,9068
657,ML1_FAM_1,ML2_BP_18,ML3_BP_1813,ML4_BP_181002,9074
658,ML1_FAM_1,ML2_BP_18,ML3_BP_1813,ML4_BP_181003,9066
659,ML1_FAM_1,ML2_BP_18,ML3_BP_1813,ML4_BP_181007,9151
660,ML1_FAM_1,ML2_BP_18,ML3_BP_1813,ML4_BP_181012,9085
661,ML1_FAM_1,ML2_BP_91,ML3_BP_911,ML4_BP_91103,15341
662,ML1_FAM_1,ML2_BP_91,ML3_BP_911,ML4_BP_91101,15344
663,ML1_FAM_1,ML2_BP_91,ML3_BP_911,ML4_BP_91105,13652
664,ML1_FAM_1,ML2_BP_91,ML3_BP_911,ML4_BP_91102,15337
665,ML1_FAM_1,ML2_BP_91,ML3_BP_911,ML4_BP_91104,15858
666,ML1_FAM_1,ML2_BP_81,ML3_BP_814008,ML4_BP_8142008,10684
667,ML1_FAM_1,ML2_BP_81,ML3_BP_814008,ML4_BP_8141008,10683
668,ML1_FAM_1,ML2_BP_81,ML3_BP_814008,ML4_BP_8143008,10682
669,ML1_FAM_1,ML2_BP_81,ML3_BP_816,ML4_BP_816002,16205
670,ML1_FAM_1,ML2_BP_81,ML3_BP_816,ML4_BP_816001,16204
671,ML1_FAM_1,ML2_BP_81,ML3_BP_816,ML4_BP_816003,16206
672,ML1_FAM_1,ML2_BP_81,ML3_BP_815,ML4_BP_8152,12326
673,ML1_FAM_1,ML2_BP_81,ML3_BP_812,ML4_BP_8122,12312
674,ML1_FAM_1,ML2_BP_81,ML3_BP_812,ML4_BP_8121,12369
675,ML1_FAM_1,ML2_BP_81,ML3_BP_812,ML4_BP_8123,12376
676,ML1_FAM_1,ML2_BP_81,ML3_BP_811,ML4_BP_8112,12354
677,ML1_FAM_1,ML2_BP_81,ML3_BP_811,ML4_BP_8111,12325
678,ML1_FAM_1,ML2_BP_81,ML3_BP_815008,ML4_BP_8152008,10686
679,ML1_FAM_1,ML2_BP_81,ML3_BP_812008,ML4_BP_8122008,10677
680,ML1_FAM_1,ML2_BP_81,ML3_BP_812008,ML4_BP_8121008,10678
681,ML1_FAM_1,ML2_BP_81,ML3_BP_812008,ML4_BP_8123008,10679
682,ML1_FAM_1,ML2_BP_81,ML3_BP_811008,ML4_BP_8112008,10680
683,ML1_FAM_1,ML2_BP_81,ML3_BP_811008,ML4_BP_8111008,10681
684,ML1_FAM_1,ML2_BP_81,ML3_BP_813008,ML4_BP_8133008,9378
685,ML1_FAM_1,ML2_BP_81,ML3_BP_813008,ML4_BP_8132008,10676
686,ML1_FAM_1,ML2_BP_81,ML3_BP_813008,ML4_BP_8131008,10650
687,ML1_FAM_1,ML2_BP_81,ML3_BP_813,ML4_BP_8133,12386
688,ML1_FAM_1,ML2_BP_81,ML3_BP_813,ML4_BP_8131,12348
689,ML1_FAM_1,ML2_BP_81,ML3_BP_813,ML4_BP_8132,12329
690,ML1_FAM_1,ML2_BP_81,ML3_BP_814,ML4_BP_8142,12359
691,ML1_FAM_1,ML2_BP_81,ML3_BP_814,ML4_BP_8141,12339
692,ML1_FAM_1,ML2_BP_81,ML3_BP_814,ML4_BP_8143,12331
693,ML1_FAM_1,ML2_BP_71,ML3_BP_714,ML4_BP_7143,10709
694,ML1_FAM_1,ML2_BP_71,ML3_BP_714,ML4_BP_7141,10706
695,ML1_FAM_1,ML2_BP_71,ML3_BP_714,ML4_BP_7144,10710
696,ML1_FAM_1,ML2_BP_71,ML3_BP_714,ML4_BP_7142,10708
697,ML1_FAM_1,ML2_BP_71,ML3_BP_713,ML4_BP_7133,10702
698,ML1_FAM_1,ML2_BP_71,ML3_BP_713,ML4_BP_7131,10687
699,ML1_FAM_1,ML2_BP_71,ML3_BP_713,ML4_BP_7132,10700
700,ML1_FAM_1,ML2_BP_71,ML3_BP_713,ML4_BP_7134,10703
701,ML1_FAM_1,ML2_BP_71,ML3_BP_711,ML4_BP_7111,6182
702,ML1_FAM_1,ML2_BP_71,ML3_BP_711,ML4_BP_7113,6158
703,ML1_FAM_1,ML2_BP_71,ML3_BP_711,ML4_BP_7114,6312
704,ML1_FAM_1,ML2_BP_71,ML3_BP_711,ML4_BP_7112,6179
705,ML1_FAM_1,ML2_BP_71,ML3_BP_712,ML4_BP_7126,6199
706,ML1_FAM_1,ML2_BP_71,ML3_BP_712,ML4_BP_7124,6202
707,ML1_FAM_1,ML2_BP_71,ML3_BP_712,ML4_BP_7122,6181
