ML1_FAM_1,ML2_BP_12,ML3_BP_125,ML4_BP_1255,00016274
ML1_FAM_1,ML2_BP_12,ML3_BP_125,ML4_BP_1252,00005428
ML1_FAM_1,ML2_BP_12,ML3_BP_125,ML4_BP_1253,00005414
ML1_FAM_1,ML2_BP_12,ML3_BP_125,ML4_BP_1251,00005799
ML1_FAM_1,ML2_BP_12,ML3_BP_125,ML4_BP_1254,00005425
ML1_FAM_1,ML2_BP_12,ML3_BP_123,ML4_BP_1236,00012501
ML1_FAM_1,ML2_BP_12,ML3_BP_123,ML4_BP_1233,00012507
ML1_FAM_1,ML2_BP_12,ML3_BP_123,ML4_BP_1235,00070019
ML1_FAM_1,ML2_BP_12,ML3_BP_123,ML4_BP_12213,00005858
ML1_FAM_1,ML2_BP_12,ML3_BP_123,ML4_BP_1231,00005407
ML1_FAM_1,ML2_BP_12,ML3_BP_123,ML4_BP_1232,00005849
ML1_FAM_1,ML2_BP_12,ML3_BP_123,ML4_BP_1240,00005851
ML1_FAM_1,ML2_BP_12,ML3_BP_123,ML4_BP_1239,00070003
ML1_FAM_1,ML2_BP_12,ML3_BP_123,ML4_BP_1238,00005809
ML1_FAM_1,ML2_BP_12,ML3_BP_123,ML4_BP_1237,00005405
ML1_FAM_1,ML2_BP_12,ML3_BP_123,ML4_BP_1234,00005412
ML1_FAM_1,ML2_BP_12,ML3_BP_128008,ML4_BP_1282008,00008627
ML1_FAM_1,ML2_BP_12,ML3_BP_128008,ML4_BP_1284008,00008488
ML1_FAM_1,ML2_BP_12,ML3_BP_128008,ML4_BP_1283008,00008626
ML1_FAM_1,ML2_BP_12,ML3_BP_1210,ML4_BP_121009008,00016562
ML1_FAM_1,ML2_BP_12,ML3_BP_1210,ML4_BP_121008008,00016561
ML1_FAM_1,ML2_BP_12,ML3_BP_1210,ML4_BP_121001008,00016545
ML1_FAM_1,ML2_BP_12,ML3_BP_1210,ML4_BP_121007008,00016560
ML1_FAM_1,ML2_BP_12,ML3_BP_1210,ML4_BP_121005008,00016555
ML1_FAM_1,ML2_BP_12,ML3_BP_1210,ML4_BP_121003008,00016547
ML1_FAM_1,ML2_BP_12,ML3_BP_1210,ML4_BP_121004008,00016548
ML1_FAM_1,ML2_BP_12,ML3_BP_1210,ML4_BP_121011008,00016549
ML1_FAM_1,ML2_BP_12,ML3_BP_1210,ML4_BP_121006008,00016554
ML1_FAM_1,ML2_BP_12,ML3_BP_1210,ML4_BP_121010008,00016551
ML1_FAM_1,ML2_BP_12,ML3_BP_1210,ML4_BP_121002008,00016546
ML1_FAM_1,ML2_BP_12,ML3_BP_124,ML4_BP_1241,00005427
ML1_FAM_1,ML2_BP_12,ML3_BP_124,ML4_BP_1245,00005413
ML1_FAM_1,ML2_BP_12,ML3_BP_124,ML4_BP_1246,00005857
ML1_FAM_1,ML2_BP_12,ML3_BP_124,ML4_BP_1242,00005410
ML1_FAM_1,ML2_BP_12,ML3_BP_124,ML4_BP_1243,00005787
ML1_FAM_1,ML2_BP_12,ML3_BP_124,ML4_BP_1244,00005862
ML1_FAM_1,ML2_BP_12,ML3_BP_121,ML4_BP_1212,00005790
ML1_FAM_1,ML2_BP_12,ML3_BP_121,ML4_BP_1214,00005423
ML1_FAM_1,ML2_BP_12,ML3_BP_121,ML4_BP_1219,00070004
ML1_FAM_1,ML2_BP_12,ML3_BP_121,ML4_BP_1215,00005837
ML1_FAM_1,ML2_BP_12,ML3_BP_121,ML4_BP_1211,00005798
ML1_FAM_1,ML2_BP_12,ML3_BP_127,ML4_BP_127502,00007177
ML1_FAM_1,ML2_BP_12,ML3_BP_127,ML4_BP_127503,00008005
ML1_FAM_1,ML2_BP_12,ML3_BP_127,ML4_BP_127501,00007170
ML1_FAM_1,ML2_BP_12,ML3_BP_127,ML4_BP_127504,00016453
ML1_FAM_1,ML2_BP_12,ML3_BP_127,ML4_BP_1274,00012520
ML1_FAM_1,ML2_BP_12,ML3_BP_127,ML4_BP_1275,00012521
ML1_FAM_1,ML2_BP_12,ML3_BP_122,ML4_BP_12214,00005404
ML1_FAM_1,ML2_BP_12,ML3_BP_122,ML4_BP_1223,00012515
ML1_FAM_1,ML2_BP_12,ML3_BP_122,ML4_BP_1224,00005411
ML1_FAM_1,ML2_BP_12,ML3_BP_122,ML4_BP_1221,00005793
ML1_FAM_1,ML2_BP_12,ML3_BP_122,ML4_BP_1225,00012517
ML1_FAM_1,ML2_BP_12,ML3_BP_122,ML4_BP_12215,00012504
ML1_FAM_1,ML2_BP_12,ML3_BP_122,ML4_BP_1222,00005792
ML1_FAM_1,ML2_BP_12,ML3_BP_129,ML4_BP_1275,00007177
ML1_FAM_1,ML2_BP_12,ML3_BP_129,ML4_BP_1274,00007170
ML1_FAM_1,ML2_BP_12,ML3_BP_129,ML4_BP_1292008,00013367
ML1_FAM_1,ML2_BP_12,ML3_BP_129,ML4_BP_1276,00009251
ML1_FAM_1,ML2_BP_12,ML3_BP_129,ML4_BP_1293008,00013374
ML1_FAM_1,ML2_BP_12,ML3_BP_129,ML4_BP_1291008,00013354
ML1_FAM_1,ML2_BP_12,ML3_BP_1252,ML4_BP_12527008,00008757
ML1_FAM_1,ML2_BP_12,ML3_BP_1252,ML4_BP_12525008,00008755
ML1_FAM_1,ML2_BP_12,ML3_BP_1252,ML4_BP_12529008,00008759
ML1_FAM_1,ML2_BP_12,ML3_BP_1252,ML4_BP_12524008,00008754
ML1_FAM_1,ML2_BP_12,ML3_BP_1252,ML4_BP_12523008,00008753
ML1_FAM_1,ML2_BP_12,ML3_BP_1252,ML4_BP_12522008,00008752
ML1_FAM_1,ML2_BP_12,ML3_BP_1252,ML4_BP_12521008,00008751
ML1_FAM_1,ML2_BP_12,ML3_BP_1252,ML4_BP_125210008,00008760
ML1_FAM_1,ML2_BP_12,ML3_BP_1252,ML4_BP_12528008,00008758
ML1_FAM_1,ML2_BP_12,ML3_BP_128,ML4_BP_128108,00016502
ML1_FAM_1,ML2_BP_12,ML3_BP_128,ML4_BP_128107,00016501
ML1_FAM_1,ML2_BP_12,ML3_BP_128,ML4_BP_128106,00016500
ML1_FAM_1,ML2_BP_12,ML3_BP_128,ML4_BP_128101,00016493
ML1_FAM_1,ML2_BP_12,ML3_BP_128,ML4_BP_128110,00016504
ML1_FAM_1,ML2_BP_12,ML3_BP_128,ML4_BP_128111,00016505
ML1_FAM_1,ML2_BP_12,ML3_BP_128,ML4_BP_128105,00016498
ML1_FAM_1,ML2_BP_12,ML3_BP_128,ML4_BP_128102,00016494
ML1_FAM_1,ML2_BP_12,ML3_BP_128,ML4_BP_128103,00016495
ML1_FAM_1,ML2_BP_12,ML3_BP_128,ML4_BP_128104,00016497
ML1_FAM_1,ML2_BP_12,ML3_BP_128,ML4_BP_1281,00005805
ML1_FAM_1,ML2_BP_12,ML3_BP_128,ML4_BP_128109,00016503
ML1_FAM_1,ML2_BP_12,ML3_BP_123008,ML4_BP_12517008,00008434
ML1_FAM_1,ML2_BP_12,ML3_BP_123008,ML4_BP_12515008,00008425
ML1_FAM_1,ML2_BP_17,ML3_BP_172,ML4_BP_1711,00006204
ML1_FAM_1,ML2_BP_17,ML3_BP_172,ML4_BP_1722,00010807
ML1_FAM_1,ML2_BP_17,ML3_BP_172,ML4_BP_1729,00006129
ML1_FAM_1,ML2_BP_17,ML3_BP_172,ML4_BP_1728,00006136
ML1_FAM_1,ML2_BP_17,ML3_BP_179008,ML4_BP_1796008,00010710
ML1_FAM_1,ML2_BP_17,ML3_BP_179008,ML4_BP_1794008,00010708
ML1_FAM_1,ML2_BP_17,ML3_BP_179008,ML4_BP_1791008,00010705
ML1_FAM_1,ML2_BP_17,ML3_BP_179008,ML4_BP_1792008,00010706
ML1_FAM_1,ML2_BP_17,ML3_BP_179008,ML4_BP_1793008,00010707
ML1_FAM_1,ML2_BP_17,ML3_BP_179008,ML4_BP_1795008,00010709
ML1_FAM_1,ML2_BP_17,ML3_BP_176008,ML4_BP_1762008,00010700
ML1_FAM_1,ML2_BP_17,ML3_BP_176008,ML4_BP_1764008,00010703
ML1_FAM_1,ML2_BP_17,ML3_BP_176008,ML4_BP_1763008,00010702
ML1_FAM_1,ML2_BP_17,ML3_BP_176008,ML4_BP_1761008,00010687
ML1_FAM_1,ML2_BP_17,ML3_BP_1712,ML4_BP_17121,00005864
ML1_FAM_1,ML2_BP_17,ML3_BP_174008,ML4_BP_1741008,00008500
ML1_FAM_1,ML2_BP_17,ML3_BP_178,ML4_BP_17833,00006176
ML1_FAM_1,ML2_BP_17,ML3_BP_178,ML4_BP_17119|ML4_BP_52211,00007229
ML1_FAM_1,ML2_BP_17,ML3_BP_178,ML4_BP_1789,00009051
ML1_FAM_1,ML2_BP_17,ML3_BP_178,ML4_BP_17864,00015095
ML1_FAM_1,ML2_BP_17,ML3_BP_178,ML4_BP_17116,00006120
ML1_FAM_1,ML2_BP_17,ML3_BP_178,ML4_BP_17848,00006961
ML1_FAM_1,ML2_BP_17,ML3_BP_178,ML4_BP_17849,00006963
ML1_FAM_1,ML2_BP_17,ML3_BP_178,ML4_BP_17866,00009054
ML1_FAM_1,ML2_BP_17,ML3_BP_178,ML4_BP_1786,00007221
ML1_FAM_1,ML2_BP_17,ML3_BP_178,ML4_BP_17815,00012345
ML1_FAM_1,ML2_BP_17,ML3_BP_178,ML4_BP_1789001,00013257
ML1_FAM_1,ML2_BP_17,ML3_BP_178,ML4_BP_17860,00015186
ML1_FAM_1,ML2_BP_17,ML3_BP_178,ML4_BP_17840|ML4_BP_5219,00007301
ML1_FAM_1,ML2_BP_17,ML3_BP_178,ML4_BP_17863,00015094
ML1_FAM_1,ML2_BP_17,ML3_BP_178,ML4_BP_17862,00015093
ML1_FAM_1,ML2_BP_17,ML3_BP_178,ML4_BP_1787,00007223
ML1_FAM_1,ML2_BP_17,ML3_BP_178,ML4_BP_17846,00006962
ML1_FAM_1,ML2_BP_17,ML3_BP_178,ML4_BP_17834,00006122
ML1_FAM_1,ML2_BP_17,ML3_BP_178,ML4_BP_17120,00007228
ML1_FAM_1,ML2_BP_17,ML3_BP_178,ML4_BP_53111,00009384
ML1_FAM_1,ML2_BP_17,ML3_BP_178,ML4_BP_17841|ML4_BP_52111,00007299
ML1_FAM_1,ML2_BP_17,ML3_BP_178,ML4_BP_17847,00006960
ML1_FAM_1,ML2_BP_17,ML3_BP_178,ML4_BP_17832,00005859
ML1_FAM_1,ML2_BP_17,ML3_BP_178,ML4_BP_5319,00009386
ML1_FAM_1,ML2_BP_17,ML3_BP_178,ML4_BP_17865,00005855
ML1_FAM_1,ML2_BP_17,ML3_BP_178,ML4_BP_17839|ML4_BP_5218,00007277
ML1_FAM_1,ML2_BP_17,ML3_BP_178,ML4_BP_1788,00009048
ML1_FAM_1,ML2_BP_17,ML3_BP_178,ML4_BP_17861,00015306
ML1_FAM_1,ML2_BP_17,ML3_BP_178,ML4_BP_17842,00005901
ML1_FAM_1,ML2_BP_17,ML3_BP_1711008,ML4_BP_17116008,00008652
ML1_FAM_1,ML2_BP_17,ML3_BP_1711008,ML4_BP_17117008,00008764
ML1_FAM_1,ML2_BP_17,ML3_BP_1711008,ML4_BP_17122008,00008807
ML1_FAM_1,ML2_BP_17,ML3_BP_1711008,ML4_BP_17115008,00008651
ML1_FAM_1,ML2_BP_17,ML3_BP_172008,ML4_BP_1726008,00012453
ML1_FAM_1,ML2_BP_17,ML3_BP_172008,ML4_BP_1727008,00008551
ML1_FAM_1,ML2_BP_17,ML3_BP_172008,ML4_BP_1728008,00008630
ML1_FAM_1,ML2_BP_17,ML3_BP_1780082,ML4_BP_178008201,00009195
ML1_FAM_1,ML2_BP_17,ML3_BP_1780082,ML4_BP_178008203,00009230
ML1_FAM_1,ML2_BP_17,ML3_BP_1780081,ML4_BP_178008104,00008655
ML1_FAM_1,ML2_BP_17,ML3_BP_1780081,ML4_BP_178008103,00008640
ML1_FAM_1,ML2_BP_17,ML3_BP_1780081,ML4_BP_178008105,00008565
ML1_FAM_1,ML2_BP_17,ML3_BP_1780081,ML4_BP_178008101,00008654
ML1_FAM_1,ML2_BP_17,ML3_BP_1780081,ML4_BP_178008106,00008567
ML1_FAM_1,ML2_BP_17,ML3_BP_1780081,ML4_BP_178008107,00008566
ML1_FAM_1,ML2_BP_17,ML3_BP_1780081,ML4_BP_178008108,00017625
ML1_FAM_1,ML2_BP_17,ML3_BP_1780081,ML4_BP_178008102,00008492
ML1_FAM_1,ML2_BP_17,ML3_BP_179,ML4_BP_1795,00006184
ML1_FAM_1,ML2_BP_17,ML3_BP_179,ML4_BP_1793,00012313
ML1_FAM_1,ML2_BP_17,ML3_BP_179,ML4_BP_1791,00012357
ML1_FAM_1,ML2_BP_17,ML3_BP_179,ML4_BP_1792,00006181
ML1_FAM_1,ML2_BP_17,ML3_BP_179,ML4_BP_1794,00006202
ML1_FAM_1,ML2_BP_17,ML3_BP_179,ML4_BP_1796,00006199
ML1_FAM_1,ML2_BP_17,ML3_BP_173008,ML4_BP_1732008,00008781
ML1_FAM_1,ML2_BP_17,ML3_BP_1780084,ML4_BP_178008403,00013522
ML1_FAM_1,ML2_BP_17,ML3_BP_1780084,ML4_BP_178008402,00013524
ML1_FAM_1,ML2_BP_17,ML3_BP_1780084,ML4_BP_178008401,00013521
ML1_FAM_1,ML2_BP_17,ML3_BP_173,ML4_BP_1732,00005860
ML1_FAM_1,ML2_BP_17,ML3_BP_1780083,ML4_BP_178008303,00008805
ML1_FAM_1,ML2_BP_17,ML3_BP_1780083,ML4_BP_178008301,00008803
ML1_FAM_1,ML2_BP_17,ML3_BP_1780083,ML4_BP_178008302,00008804
ML1_FAM_1,ML2_BP_17,ML3_BP_1780083,ML4_BP_178008304,00008806
ML1_FAM_1,ML2_BP_17,ML3_BP_17201,ML4_BP_17103,00012308
ML1_FAM_1,ML2_BP_17,ML3_BP_17201,ML4_BP_17104,00012377
ML1_FAM_1,ML2_BP_17,ML3_BP_17201,ML4_BP_17102,00012381
ML1_FAM_1,ML2_BP_17,ML3_BP_17201,ML4_BP_17105,00012363
ML1_FAM_1,ML2_BP_17,ML3_BP_17201,ML4_BP_17101,00012379
ML1_FAM_1,ML2_BP_17,ML3_BP_1711,ML4_BP_17115,00012383
ML1_FAM_1,ML2_BP_17,ML3_BP_1711,ML4_BP_17118,00012384
ML1_FAM_1,ML2_BP_17,ML3_BP_1711,ML4_BP_17117,00007333
ML1_FAM_1,ML2_BP_17,ML3_BP_1711,ML4_BP_17122,00009040
ML1_FAM_1,ML2_BP_17,ML3_BP_1713,ML4_BP_171301,00015304
ML1_FAM_1,ML2_BP_17,ML3_BP_1713,ML4_BP_171302,00015385
ML1_FAM_1,ML2_BP_17,ML3_BP_1716,ML4_BP_171604,00016201
ML1_FAM_1,ML2_BP_17,ML3_BP_1716,ML4_BP_171603,00016200
ML1_FAM_1,ML2_BP_17,ML3_BP_1716,ML4_BP_171605,00016202
ML1_FAM_1,ML2_BP_17,ML3_BP_1716,ML4_BP_171601,00016198
ML1_FAM_1,ML2_BP_17,ML3_BP_1716,ML4_BP_171602,00016199
ML1_FAM_1,ML2_BP_17,ML3_BP_1714,ML4_BP_171412,00015306
ML1_FAM_1,ML2_BP_17,ML3_BP_1714,ML4_BP_171414,00015391
ML1_FAM_1,ML2_BP_17,ML3_BP_1714,ML4_BP_171411,00015186
ML1_FAM_1,ML2_BP_17,ML3_BP_1714,ML4_BP_171413,00015551
ML1_FAM_1,ML2_BP_17,ML3_BP_1715,ML4_BP_171512,00015094
ML1_FAM_1,ML2_BP_17,ML3_BP_1715,ML4_BP_171511,00015093
ML1_FAM_1,ML2_BP_17,ML3_BP_1715,ML4_BP_171513,00015095
ML1_FAM_1,ML2_BP_17,ML3_BP_1717,ML4_BP_1717010,00016197
ML1_FAM_1,ML2_BP_17,ML3_BP_1717,ML4_BP_171704,00015934
ML1_FAM_1,ML2_BP_17,ML3_BP_1717,ML4_BP_171703,00015932
ML1_FAM_1,ML2_BP_17,ML3_BP_1717,ML4_BP_171709,00016195
ML1_FAM_1,ML2_BP_17,ML3_BP_1717,ML4_BP_171705,00015935
ML1_FAM_1,ML2_BP_17,ML3_BP_1717,ML4_BP_171707,00016194
ML1_FAM_1,ML2_BP_17,ML3_BP_1717,ML4_BP_171702,00015933
ML1_FAM_1,ML2_BP_17,ML3_BP_1717,ML4_BP_171708,00016193
ML1_FAM_1,ML2_BP_17,ML3_BP_1717,ML4_BP_171706,00016190
ML1_FAM_1,ML2_BP_17,ML3_BP_1717,ML4_BP_171701,00015848
ML1_FAM_1,ML2_BP_17,ML3_BP_176,ML4_BP_1762,00006179
ML1_FAM_1,ML2_BP_17,ML3_BP_176,ML4_BP_1763,00006158
ML1_FAM_1,ML2_BP_17,ML3_BP_176,ML4_BP_1764,00006312
ML1_FAM_1,ML2_BP_13,ML3_BP_131008,ML4_BP_1315008,00008430
ML1_FAM_1,ML2_BP_13,ML3_BP_131008,ML4_BP_1312008,00008431
ML1_FAM_1,ML2_BP_13,ML3_BP_131,ML4_BP_1317,00006259
ML1_FAM_1,ML2_BP_13,ML3_BP_131,ML4_BP_1312,00006439
ML1_FAM_1,ML2_BP_13,ML3_BP_131,ML4_BP_1316,00006285
ML1_FAM_1,ML2_BP_13,ML3_BP_131,ML4_BP_1311,00006433
ML1_FAM_1,ML2_BP_13,ML3_BP_131,ML4_BP_1314,00006282
ML1_FAM_1,ML2_BP_13,ML3_BP_131,ML4_BP_1318,00006250
ML1_FAM_1,ML2_BP_13,ML3_BP_132,ML4_BP_13211,00012204
ML1_FAM_1,ML2_BP_11,ML3_BP_1124,ML4_BP_11261008,00008323
ML1_FAM_1,ML2_BP_11,ML3_BP_1124,ML4_BP_1128110008,00015163
ML1_FAM_1,ML2_BP_11,ML3_BP_1124,ML4_BP_1129120008,00015162
ML1_FAM_1,ML2_BP_11,ML3_BP_1124,ML4_BP_1128090008,00015146
ML1_FAM_1,ML2_BP_11,ML3_BP_1124,ML4_BP_1128070008,00015166
ML1_FAM_1,ML2_BP_11,ML3_BP_1124,ML4_BP_11259008,00008321
ML1_FAM_1,ML2_BP_11,ML3_BP_1124,ML4_BP_1129210008,00015164
ML1_FAM_1,ML2_BP_11,ML3_BP_1124,ML4_BP_1128100008,00015165
ML1_FAM_1,ML2_BP_11,ML3_BP_1124,ML4_BP_11260008,00008322
ML1_FAM_1,ML2_BP_11,ML3_BP_1124,ML4_BP_11263008,00008324
ML1_FAM_1,ML2_BP_11,ML3_BP_1124,ML4_BP_11262008,00008325
ML1_FAM_1,ML2_BP_11,ML3_BP_114200001,ML4_BP_11420000122,00015127
ML1_FAM_1,ML2_BP_11,ML3_BP_114200001,ML4_BP_11420000121,00015114
ML1_FAM_1,ML2_BP_11,ML3_BP_1152,ML4_BP_115270081,00009404
ML1_FAM_1,ML2_BP_11,ML3_BP_1152,ML4_BP_115290081,00009409
ML1_FAM_1,ML2_BP_11,ML3_BP_1152,ML4_BP_1154008,00008644
ML1_FAM_1,ML2_BP_11,ML3_BP_1152,ML4_BP_115300081,00009407
ML1_FAM_1,ML2_BP_11,ML3_BP_1152,ML4_BP_115280081,00009392
ML1_FAM_1,ML2_BP_11,ML3_BP_1152,ML4_BP_115260081,00009387
ML1_FAM_1,ML2_BP_11,ML3_BP_1152,ML4_BP_1153008,00008602
ML1_FAM_1,ML2_BP_11,ML3_BP_1152,ML4_BP_1152008,00008602
ML1_FAM_1,ML2_BP_11,ML3_BP_1142,ML4_BP_11421,00013648
ML1_FAM_1,ML2_BP_11,ML3_BP_1142,ML4_BP_1142222,00015126
ML1_FAM_1,ML2_BP_11,ML3_BP_15271,ML4_BP_1527103,00012454
ML1_FAM_1,ML2_BP_11,ML3_BP_15271,ML4_BP_1527101,00012302
ML1_FAM_1,ML2_BP_11,ML3_BP_15271,ML4_BP_1527102,00012303
ML1_FAM_1,ML2_BP_11,ML3_BP_1191,ML4_BP_11913,00007361
ML1_FAM_1,ML2_BP_11,ML3_BP_1191,ML4_BP_11912,00007359
ML1_FAM_1,ML2_BP_11,ML3_BP_112,ML4_BP_112031,00015837
ML1_FAM_1,ML2_BP_11,ML3_BP_112,ML4_BP_11272,00012540
ML1_FAM_1,ML2_BP_11,ML3_BP_112,ML4_BP_11266,00007358
ML1_FAM_1,ML2_BP_11,ML3_BP_112,ML4_BP_11273,00012539
ML1_FAM_1,ML2_BP_11,ML3_BP_112,ML4_BP_11268,00012526
ML1_FAM_1,ML2_BP_11,ML3_BP_112,ML4_BP_11265,00007353
ML1_FAM_1,ML2_BP_11,ML3_BP_112,ML4_BP_112912,00013506
ML1_FAM_1,ML2_BP_11,ML3_BP_112,ML4_BP_11284,00007426
ML1_FAM_1,ML2_BP_11,ML3_BP_112,ML4_BP_11276,00007356
ML1_FAM_1,ML2_BP_11,ML3_BP_112,ML4_BP_11282,00015840
ML1_FAM_1,ML2_BP_11,ML3_BP_112,ML4_BP_11301,00009187
ML1_FAM_1,ML2_BP_11,ML3_BP_112,ML4_BP_11289,00016026
ML1_FAM_1,ML2_BP_11,ML3_BP_112,ML4_BP_11281,00015839
ML1_FAM_1,ML2_BP_11,ML3_BP_112,ML4_BP_11291,00016032
ML1_FAM_1,ML2_BP_11,ML3_BP_112,ML4_BP_11267,00007355
ML1_FAM_1,ML2_BP_11,ML3_BP_112,ML4_BP_11278,00010636
ML1_FAM_1,ML2_BP_11,ML3_BP_112,ML4_BP_112672,00008009
ML1_FAM_1,ML2_BP_11,ML3_BP_112,ML4_BP_11286,00015854
ML1_FAM_1,ML2_BP_11,ML3_BP_112,ML4_BP_112931,00013543
ML1_FAM_1,ML2_BP_11,ML3_BP_112,ML4_BP_112932,00013544
ML1_FAM_1,ML2_BP_11,ML3_BP_112,ML4_BP_112032,00015838
ML1_FAM_1,ML2_BP_11,ML3_BP_112,ML4_BP_11269,00012543
ML1_FAM_1,ML2_BP_11,ML3_BP_112,ML4_BP_112033,00015841
ML1_FAM_1,ML2_BP_11,ML3_BP_112,ML4_BP_11270,00012541
ML1_FAM_1,ML2_BP_11,ML3_BP_112,ML4_BP_11275,00012534
ML1_FAM_1,ML2_BP_11,ML3_BP_112,ML4_BP_112911,00013476
ML1_FAM_1,ML2_BP_11,ML3_BP_112,ML4_BP_11287,00015855
ML1_FAM_1,ML2_BP_11,ML3_BP_112,ML4_BP_11274,00012389
ML1_FAM_1,ML2_BP_11,ML3_BP_112,ML4_BP_11253,00012533
ML1_FAM_1,ML2_BP_11,ML3_BP_112,ML4_BP_11288,00015856
ML1_FAM_1,ML2_BP_11,ML3_BP_112,ML4_BP_112921,00013525
ML1_FAM_1,ML2_BP_11,ML3_BP_112,ML4_BP_11290,00016028
ML1_FAM_1,ML2_BP_11,ML3_BP_112,ML4_BP_11270,00012532
ML1_FAM_1,ML2_BP_11,ML3_BP_112,ML4_BP_112922,00013526
ML1_FAM_1,ML2_BP_11,ML3_BP_16,ML4_BP_1603,00012188
ML1_FAM_1,ML2_BP_11,ML3_BP_11941,ML4_BP_119411,00010769
ML1_FAM_1,ML2_BP_11,ML3_BP_1194,ML4_BP_119410,00010768
ML1_FAM_1,ML2_BP_11,ML3_BP_116,ML4_BP_11612,00007423
ML1_FAM_1,ML2_BP_11,ML3_BP_116,ML4_BP_1169,00007420
ML1_FAM_1,ML2_BP_11,ML3_BP_116,ML4_BP_1167,00007410
ML1_FAM_1,ML2_BP_11,ML3_BP_116,ML4_BP_11611,00009206
ML1_FAM_1,ML2_BP_11,ML3_BP_116,ML4_BP_11611008,00009421
ML1_FAM_1,ML2_BP_11,ML3_BP_116,ML4_BP_1165,00007409
ML1_FAM_1,ML2_BP_11,ML3_BP_116,ML4_BP_1168,00007421
ML1_FAM_1,ML2_BP_11,ML3_BP_116,ML4_BP_11611,00012390
ML1_FAM_1,ML2_BP_11,ML3_BP_1171,ML4_BP_117112,00013605
ML1_FAM_1,ML2_BP_11,ML3_BP_1171,ML4_BP_117113,00013625
ML1_FAM_1,ML2_BP_11,ML3_BP_1171,ML4_BP_117114,00013626
ML1_FAM_1,ML2_BP_11,ML3_BP_1171,ML4_BP_117111,00013594
ML1_FAM_1,ML2_BP_11,ML3_BP_1113008,ML4_BP_1127012008,00008750
ML1_FAM_1,ML2_BP_11,ML3_BP_1113008,ML4_BP_111301008,00011109
ML1_FAM_1,ML2_BP_11,ML3_BP_1113008,ML4_BP_1127014008,00008544
ML1_FAM_1,ML2_BP_11,ML3_BP_1113008,ML4_BP_1127013008,00013262
ML1_FAM_1,ML2_BP_11,ML3_BP_1113008,ML4_BP_1127010008,00015122
ML1_FAM_1,ML2_BP_11,ML3_BP_111,ML4_BP_11112,00015836
ML1_FAM_1,ML2_BP_11,ML3_BP_111,ML4_BP_11114,00012342
ML1_FAM_1,ML2_BP_11,ML3_BP_111,ML4_BP_11113,00015857
ML1_FAM_1,ML2_BP_11,ML3_BP_111,ML4_BP_11110,00015830
ML1_FAM_1,ML2_BP_11,ML3_BP_111,ML4_BP_11115,00016027
ML1_FAM_1,ML2_BP_11,ML3_BP_111,ML4_BP_11111,00015835
ML1_FAM_1,ML2_BP_11,ML3_BP_114,ML4_BP_1142,00012323
ML1_FAM_1,ML2_BP_11,ML3_BP_114,ML4_BP_1141,00012345
ML1_FAM_1,ML2_BP_11,ML3_BP_114,ML4_BP_1143,00012337
ML1_FAM_1,ML2_BP_11,ML3_BP_1151,ML4_BP_11515008,00008733
ML1_FAM_1,ML2_BP_11,ML3_BP_1151,ML4_BP_115110008,00008729
ML1_FAM_1,ML2_BP_11,ML3_BP_1151,ML4_BP_11512008,00008730
ML1_FAM_1,ML2_BP_11,ML3_BP_1151,ML4_BP_11519008,00008728
ML1_FAM_1,ML2_BP_11,ML3_BP_1151,ML4_BP_11511008,00008725
ML1_FAM_1,ML2_BP_11,ML3_BP_1151,ML4_BP_11518008,00008727
ML1_FAM_1,ML2_BP_11,ML3_BP_1151,ML4_BP_11513008,00008731
ML1_FAM_1,ML2_BP_11,ML3_BP_1151,ML4_BP_11516008,00008734
ML1_FAM_1,ML2_BP_11,ML3_BP_1151,ML4_BP_11514008,00008732
ML1_FAM_1,ML2_BP_11,ML3_BP_1151,ML4_BP_11517008,00008726
ML1_FAM_1,ML2_BP_11,ML3_BP_1141,ML4_BP_11413,00017429
ML1_FAM_1,ML2_BP_11,ML3_BP_1141,ML4_BP_11412,00017428
ML1_FAM_1,ML2_BP_11,ML3_BP_1141,ML4_BP_11414,00013484
ML1_FAM_1,ML2_BP_11,ML3_BP_1195,ML4_BP_1195001,00011791
ML1_FAM_1,ML2_BP_11,ML3_BP_115,ML4_BP_11520008,00015916
ML1_FAM_1,ML2_BP_11,ML3_BP_115,ML4_BP_115218008,00015428
ML1_FAM_1,ML2_BP_11,ML3_BP_115,ML4_BP_115219008,00015429
ML1_FAM_1,ML2_BP_11,ML3_BP_115,ML4_BP_115210008,00015392
ML1_FAM_1,ML2_BP_11,ML3_BP_115,ML4_BP_1157008,00009419
ML1_FAM_1,ML2_BP_11,ML3_BP_115,ML4_BP_1158008,00009420
ML1_FAM_1,ML2_BP_11,ML3_BP_115,ML4_BP_115213008,00015396
ML1_FAM_1,ML2_BP_11,ML3_BP_115,ML4_BP_115214008,00015397
ML1_FAM_1,ML2_BP_11,ML3_BP_115,ML4_BP_1151008,00008541
ML1_FAM_1,ML2_BP_11,ML3_BP_115,ML4_BP_11521008,00015921
ML1_FAM_1,ML2_BP_11,ML3_BP_115,ML4_BP_11526008,00015923
ML1_FAM_1,ML2_BP_11,ML3_BP_115,ML4_BP_115216008,00015425
ML1_FAM_1,ML2_BP_11,ML3_BP_115,ML4_BP_115217008,00015427
ML1_FAM_1,ML2_BP_11,ML3_BP_115,ML4_BP_115212008,00015395
ML1_FAM_1,ML2_BP_11,ML3_BP_115,ML4_BP_11524008,00015922
ML1_FAM_1,ML2_BP_11,ML3_BP_115,ML4_BP_11525008,00015908
ML1_FAM_1,ML2_BP_11,ML3_BP_115,ML4_BP_1156008,00009417
ML1_FAM_1,ML2_BP_11,ML3_BP_115,ML4_BP_1153008,00009417
ML1_FAM_1,ML2_BP_11,ML3_BP_115,ML4_BP_11529008,00015927
ML1_FAM_1,ML2_BP_11,ML3_BP_115,ML4_BP_115211008,00015394
ML1_FAM_1,ML2_BP_11,ML3_BP_115,ML4_BP_11522008,00015919
ML1_FAM_1,ML2_BP_11,ML3_BP_115,ML4_BP_11528008,00015924
ML1_FAM_1,ML2_BP_11,ML3_BP_115,ML4_BP_11523008,00015907
ML1_FAM_1,ML2_BP_11,ML3_BP_115,ML4_BP_11527008,00015925
ML1_FAM_1,ML2_BP_11,ML3_BP_115,ML4_BP_115215008,00015424
ML1_FAM_1,ML2_BP_11,ML3_BP_1103,ML4_BP_110306,00016916
ML1_FAM_1,ML2_BP_11,ML3_BP_1103,ML4_BP_110310,00016904
ML1_FAM_1,ML2_BP_11,ML3_BP_1103,ML4_BP_110312,00016912
ML1_FAM_1,ML2_BP_11,ML3_BP_1103,ML4_BP_110314,00016920
ML1_FAM_1,ML2_BP_11,ML3_BP_1103,ML4_BP_110303,00016911
ML1_FAM_1,ML2_BP_11,ML3_BP_1103,ML4_BP_110302,00016910
ML1_FAM_1,ML2_BP_11,ML3_BP_1103,ML4_BP_110305,00016914
ML1_FAM_1,ML2_BP_11,ML3_BP_1103,ML4_BP_110301,00016908
ML1_FAM_1,ML2_BP_11,ML3_BP_1103,ML4_BP_110311,00016909
ML1_FAM_1,ML2_BP_11,ML3_BP_1103,ML4_BP_110308,00016918
ML1_FAM_1,ML2_BP_11,ML3_BP_1103,ML4_BP_110315,00016923
ML1_FAM_1,ML2_BP_11,ML3_BP_1103,ML4_BP_110307,00016917
ML1_FAM_1,ML2_BP_11,ML3_BP_1103,ML4_BP_110309,00016921
ML1_FAM_1,ML2_BP_11,ML3_BP_1103,ML4_BP_110304,00016913
ML1_FAM_1,ML2_BP_11,ML3_BP_1103,ML4_BP_110313,00016915
ML1_FAM_1,ML2_BP_11,ML3_BP_1103,ML4_BP_110316,00016924
ML1_FAM_1,ML2_BP_11,ML3_BP_113,ML4_BP_1131,00012324
ML1_FAM_1,ML2_BP_11,ML3_BP_113,ML4_BP_1131,00012309
ML1_FAM_1,ML2_BP_11,ML3_BP_1110,ML4_BP_11103,00007357
ML1_FAM_1,ML2_BP_11,ML3_BP_1110,ML4_BP_11101,00007360
ML1_FAM_1,ML2_BP_11,ML3_BP_1110,ML4_BP_11102,00007354
ML1_FAM_1,ML2_BP_11,ML3_BP_1110,ML4_BP_11104,00012529
ML1_FAM_1,ML2_BP_11,ML3_BP_1193,ML4_BP_11933,00009052
ML1_FAM_1,ML2_BP_11,ML3_BP_1193,ML4_BP_11932,00010787
ML1_FAM_1,ML2_BP_11,ML3_BP_1193,ML4_BP_11931,00007192
ML1_FAM_1,ML2_BP_11,ML3_BP_1102,ML4_BP_110217,00013541
ML1_FAM_1,ML2_BP_11,ML3_BP_1102,ML4_BP_110201,00012204
ML1_FAM_1,ML2_BP_11,ML3_BP_1102,ML4_BP_110204,00012443
ML1_FAM_1,ML2_BP_11,ML3_BP_1102,ML4_BP_110220,00015890
ML1_FAM_1,ML2_BP_11,ML3_BP_1102,ML4_BP_110205,00012447
ML1_FAM_1,ML2_BP_11,ML3_BP_1102,ML4_BP_110222,00015894
ML1_FAM_1,ML2_BP_11,ML3_BP_1102,ML4_BP_110208,00012457
ML1_FAM_1,ML2_BP_11,ML3_BP_1102,ML4_BP_110226,00015909
ML1_FAM_1,ML2_BP_11,ML3_BP_1102,ML4_BP_110223,00015895
ML1_FAM_1,ML2_BP_11,ML3_BP_1102,ML4_BP_110209,00012466
ML1_FAM_1,ML2_BP_11,ML3_BP_1102,ML4_BP_110219,00015889
ML1_FAM_1,ML2_BP_11,ML3_BP_1102,ML4_BP_110216,00013546
ML1_FAM_1,ML2_BP_11,ML3_BP_1102,ML4_BP_110215,00013535
ML1_FAM_1,ML2_BP_11,ML3_BP_1102,ML4_BP_110203,00012438
ML1_FAM_1,ML2_BP_11,ML3_BP_1102,ML4_BP_110202,00012436
ML1_FAM_1,ML2_BP_11,ML3_BP_1102,ML4_BP_110218,00015667
ML1_FAM_1,ML2_BP_11,ML3_BP_1102,ML4_BP_110214,00013534
ML1_FAM_1,ML2_BP_11,ML3_BP_1102,ML4_BP_110212,00013530
ML1_FAM_1,ML2_BP_11,ML3_BP_1102,ML4_BP_110221,00015893
ML1_FAM_1,ML2_BP_11,ML3_BP_1102,ML4_BP_110211,00013507
ML1_FAM_1,ML2_BP_11,ML3_BP_1102,ML4_BP_110206,00012448
ML1_FAM_1,ML2_BP_11,ML3_BP_1102,ML4_BP_110210,00012468
ML1_FAM_1,ML2_BP_11,ML3_BP_1102,ML4_BP_110213,00013532
ML1_FAM_1,ML2_BP_11,ML3_BP_1102,ML4_BP_110224,00015898
ML1_FAM_1,ML2_BP_11,ML3_BP_1102,ML4_BP_110225,00015900
ML1_FAM_1,ML2_BP_11,ML3_BP_1102,ML4_BP_110207,00012451
ML1_FAM_1,ML2_BP_11,ML3_BP_117,ML4_BP_11716,00006995
ML1_FAM_1,ML2_BP_11,ML3_BP_117,ML4_BP_11710,00007419
ML1_FAM_1,ML2_BP_11,ML3_BP_117,ML4_BP_11718,00007414
ML1_FAM_1,ML2_BP_11,ML3_BP_117,ML4_BP_11711,00007416
ML1_FAM_1,ML2_BP_11,ML3_BP_117,ML4_BP_1179,00007429
ML1_FAM_1,ML2_BP_11,ML3_BP_117,ML4_BP_11717,00006997
ML1_FAM_1,ML2_BP_11,ML3_BP_117,ML4_BP_11715,00012318
ML1_FAM_1,ML2_BP_11,ML3_BP_117,ML4_BP_11714,00007417
ML1_FAM_1,ML2_BP_11,ML3_BP_117,ML4_BP_11713,00007425
ML1_FAM_1,ML2_BP_11,ML3_BP_119,ML4_BP_11948,00012332
ML1_FAM_1,ML2_BP_11,ML3_BP_119,ML4_BP_11941,00012305
ML1_FAM_1,ML2_BP_11,ML3_BP_119,ML4_BP_11911,00012530
ML1_FAM_1,ML2_BP_11,ML3_BP_119,ML4_BP_11942,00012372
ML1_FAM_1,ML2_BP_11,ML3_BP_119,ML4_BP_11952,00012316
ML1_FAM_1,ML2_BP_11,ML3_BP_119,ML4_BP_11922,00012528
ML1_FAM_1,ML2_BP_11,ML3_BP_119,ML4_BP_11923,00012538
ML1_FAM_1,ML2_BP_11,ML3_BP_119,ML4_BP_11943,00012368
ML1_FAM_1,ML2_BP_11,ML3_BP_119,ML4_BP_11951,00012351
ML1_FAM_1,ML2_BP_11,ML3_BP_119,ML4_BP_11914,00012536
ML1_FAM_1,ML2_BP_11,ML3_BP_119,ML4_BP_11921,00012531
ML1_FAM_1,ML2_BP_11,ML3_BP_119,ML4_BP_11942,00012372
ML1_FAM_1,ML2_BP_11,ML3_BP_119,ML4_BP_11947,00012310
ML1_FAM_1,ML2_BP_11,ML3_BP_119,ML4_BP_1195,00007193
ML1_FAM_1,ML2_BP_11,ML3_BP_119,ML4_BP_11944,00012330
ML1_FAM_1,ML2_BP_11,ML3_BP_1113,ML4_BP_1127702,00012589
ML1_FAM_1,ML2_BP_11,ML3_BP_1113,ML4_BP_1127705,00016463
ML1_FAM_1,ML2_BP_11,ML3_BP_1113,ML4_BP_1127703,00013254
ML1_FAM_1,ML2_BP_11,ML3_BP_1113,ML4_BP_111102,00010858
ML1_FAM_1,ML2_BP_11,ML3_BP_1113,ML4_BP_1127701,00009213
ML1_FAM_1,ML2_BP_11,ML3_BP_1113,ML4_BP_1127704,00015139
ML1_FAM_1,ML2_BP_14,ML3_BP_1410081,ML4_BP_1412008,00008742
ML1_FAM_1,ML2_BP_14,ML3_BP_1410081,ML4_BP_1411008,00008745
ML1_FAM_1,ML2_BP_14,ML3_BP_1410081,ML4_BP_1414008,00008744
ML1_FAM_1,ML2_BP_14,ML3_BP_1410081,ML4_BP_1415008,00008746
ML1_FAM_1,ML2_BP_14,ML3_BP_1410081,ML4_BP_1413008,00008743
ML1_FAM_1,ML2_BP_14,ML3_BP_1440081,ML4_BP_1447008,00008585
ML1_FAM_1,ML2_BP_14,ML3_BP_1440081,ML4_BP_1448008,00008584
ML1_FAM_1,ML2_BP_14,ML3_BP_1440081,ML4_BP_1446008,00008583
ML1_FAM_1,ML2_BP_14,ML3_BP_1440081,ML4_BP_1445008,00008582
ML1_FAM_1,ML2_BP_14,ML3_BP_14102,ML4_BP_1416,00006348
ML1_FAM_1,ML2_BP_14,ML3_BP_14102,ML4_BP_1419,00006363
ML1_FAM_1,ML2_BP_14,ML3_BP_14102,ML4_BP_1418,00006371
ML1_FAM_1,ML2_BP_14,ML3_BP_14102,ML4_BP_1417,00006358
ML1_FAM_1,ML2_BP_14,ML3_BP_14102,ML4_BP_1420,00006365
ML1_FAM_1,ML2_BP_14,ML3_BP_140002,ML4_BP_14000202,00017438
ML1_FAM_1,ML2_BP_14,ML3_BP_140002,ML4_BP_14000201,00017432
ML1_FAM_1,ML2_BP_14,ML3_BP_1430082,ML4_BP_1432008,00008773
ML1_FAM_1,ML2_BP_14,ML3_BP_1430082,ML4_BP_1438008,00008660
ML1_FAM_1,ML2_BP_14,ML3_BP_1430082,ML4_BP_1437008,00008659
ML1_FAM_1,ML2_BP_14,ML3_BP_14612,ML4_BP_14612,00006430
ML1_FAM_1,ML2_BP_14,ML3_BP_14612,ML4_BP_14611,00012400
ML1_FAM_1,ML2_BP_14,ML3_BP_14612,ML4_BP_14610,00012399
ML1_FAM_1,ML2_BP_14,ML3_BP_14612,ML4_BP_1469,00012398
ML1_FAM_1,ML2_BP_14,ML3_BP_14712,ML4_BP_14712,00006349
ML1_FAM_1,ML2_BP_14,ML3_BP_14712,ML4_BP_1479,00012393
ML1_FAM_1,ML2_BP_14,ML3_BP_14712,ML4_BP_14711,00006339
ML1_FAM_1,ML2_BP_14,ML3_BP_14712,ML4_BP_14710,00006352
ML1_FAM_1,ML2_BP_14,ML3_BP_1470082,ML4_BP_14712008,00008453
ML1_FAM_1,ML2_BP_14,ML3_BP_1470082,ML4_BP_1479008,00008452
ML1_FAM_1,ML2_BP_14,ML3_BP_1470082,ML4_BP_14710008,00008441
ML1_FAM_1,ML2_BP_14,ML3_BP_1470082,ML4_BP_14711008,00008442
ML1_FAM_1,ML2_BP_14,ML3_BP_1442,ML4_BP_14413,00006337
ML1_FAM_1,ML2_BP_14,ML3_BP_1442,ML4_BP_14414,00006354
ML1_FAM_1,ML2_BP_14,ML3_BP_1442,ML4_BP_14415,00006356
ML1_FAM_1,ML2_BP_14,ML3_BP_1442,ML4_BP_14416,00006320
ML1_FAM_1,ML2_BP_14,ML3_BP_1452,ML4_BP_14511,00006351
ML1_FAM_1,ML2_BP_14,ML3_BP_1452,ML4_BP_14512,00006355
ML1_FAM_1,ML2_BP_14,ML3_BP_1452,ML4_BP_1459,00012395
ML1_FAM_1,ML2_BP_14,ML3_BP_1452,ML4_BP_14510,00070002
ML1_FAM_1,ML2_BP_14,ML3_BP_140001,ML4_BP_14000102,00018460
ML1_FAM_1,ML2_BP_14,ML3_BP_140001,ML4_BP_14000101,00016810
ML1_FAM_1,ML2_BP_14,ML3_BP_1410082,ML4_BP_1417008,00008739
ML1_FAM_1,ML2_BP_14,ML3_BP_1410082,ML4_BP_1419008,00008741
ML1_FAM_1,ML2_BP_14,ML3_BP_1410082,ML4_BP_1420008,00008749
ML1_FAM_1,ML2_BP_14,ML3_BP_1410082,ML4_BP_1416008,00008748
ML1_FAM_1,ML2_BP_14,ML3_BP_1440082,ML4_BP_14413008,00008511
ML1_FAM_1,ML2_BP_14,ML3_BP_1440082,ML4_BP_14414008,00008512
ML1_FAM_1,ML2_BP_14,ML3_BP_1440082,ML4_BP_14415008,00008513
ML1_FAM_1,ML2_BP_14,ML3_BP_1440082,ML4_BP_14416008,00008508
ML1_FAM_1,ML2_BP_14,ML3_BP_1430081,ML4_BP_1433008,00008610
ML1_FAM_1,ML2_BP_14,ML3_BP_1430081,ML4_BP_1434008,00008608
ML1_FAM_1,ML2_BP_14,ML3_BP_1430081,ML4_BP_1431008,00008775
ML1_FAM_1,ML2_BP_14,ML3_BP_1430081,ML4_BP_1439008,00008607
ML1_FAM_1,ML2_BP_14,ML3_BP_1450081,ML4_BP_14516008,00008581
ML1_FAM_1,ML2_BP_14,ML3_BP_1450081,ML4_BP_14513008,00008578
ML1_FAM_1,ML2_BP_14,ML3_BP_1450081,ML4_BP_14515008,00008580
ML1_FAM_1,ML2_BP_14,ML3_BP_1450081,ML4_BP_14514008,00008579
ML1_FAM_1,ML2_BP_14,ML3_BP_1441,ML4_BP_1446,00006429
ML1_FAM_1,ML2_BP_14,ML3_BP_1441,ML4_BP_1445,00006426
ML1_FAM_1,ML2_BP_14,ML3_BP_1441,ML4_BP_1447,00006411
ML1_FAM_1,ML2_BP_14,ML3_BP_1441,ML4_BP_1448,00006304
ML1_FAM_1,ML2_BP_14,ML3_BP_14112,ML4_BP_14610008,00008439
ML1_FAM_1,ML2_BP_14,ML3_BP_14112,ML4_BP_14612008,00008451
ML1_FAM_1,ML2_BP_14,ML3_BP_14112,ML4_BP_1469008,00008450
ML1_FAM_1,ML2_BP_14,ML3_BP_14112,ML4_BP_14611008,00008440
ML1_FAM_1,ML2_BP_14,ML3_BP_14611,ML4_BP_14615,00006374
ML1_FAM_1,ML2_BP_14,ML3_BP_14611,ML4_BP_14614,00012402
ML1_FAM_1,ML2_BP_14,ML3_BP_14611,ML4_BP_14616,00006376
ML1_FAM_1,ML2_BP_14,ML3_BP_14611,ML4_BP_14613,00012392
ML1_FAM_1,ML2_BP_14,ML3_BP_1431,ML4_BP_1433,00006375
ML1_FAM_1,ML2_BP_14,ML3_BP_1431,ML4_BP_1431,00006347
ML1_FAM_1,ML2_BP_14,ML3_BP_1431,ML4_BP_1434,00006422
ML1_FAM_1,ML2_BP_14,ML3_BP_1431,ML4_BP_1439,00012401
ML1_FAM_1,ML2_BP_14,ML3_BP_14111,ML4_BP_14613008,00008568
ML1_FAM_1,ML2_BP_14,ML3_BP_14111,ML4_BP_14615008,00008570
ML1_FAM_1,ML2_BP_14,ML3_BP_14111,ML4_BP_14616008,00008571
ML1_FAM_1,ML2_BP_14,ML3_BP_14111,ML4_BP_14614008,00008569
ML1_FAM_1,ML2_BP_14,ML3_BP_1451,ML4_BP_14513,00012396
ML1_FAM_1,ML2_BP_14,ML3_BP_1451,ML4_BP_14514,00006368
ML1_FAM_1,ML2_BP_14,ML3_BP_1451,ML4_BP_14515,00006377
ML1_FAM_1,ML2_BP_14,ML3_BP_1451,ML4_BP_14516,00006408
ML1_FAM_1,ML2_BP_14,ML3_BP_1481,ML4_BP_1486,00006364
ML1_FAM_1,ML2_BP_14,ML3_BP_1481,ML4_BP_1482,00006353
ML1_FAM_1,ML2_BP_14,ML3_BP_1450082,ML4_BP_14510008,00008447
ML1_FAM_1,ML2_BP_14,ML3_BP_1450082,ML4_BP_1459008,00008446
ML1_FAM_1,ML2_BP_14,ML3_BP_1450082,ML4_BP_14512008,00008449
ML1_FAM_1,ML2_BP_14,ML3_BP_1450082,ML4_BP_14511008,00008448
ML1_FAM_1,ML2_BP_14,ML3_BP_1470081,ML4_BP_14715008,00008574
ML1_FAM_1,ML2_BP_14,ML3_BP_1470081,ML4_BP_14714008,00008573
ML1_FAM_1,ML2_BP_14,ML3_BP_1470081,ML4_BP_14713008,00008572
ML1_FAM_1,ML2_BP_14,ML3_BP_1470081,ML4_BP_14716008,00008575
ML1_FAM_1,ML2_BP_14,ML3_BP_1480082,ML4_BP_1488008,00008537
ML1_FAM_1,ML2_BP_14,ML3_BP_1480082,ML4_BP_1484008,00008536
ML1_FAM_1,ML2_BP_14,ML3_BP_14711,ML4_BP_14715,00006424
ML1_FAM_1,ML2_BP_14,ML3_BP_14711,ML4_BP_14714,00006373
ML1_FAM_1,ML2_BP_14,ML3_BP_14711,ML4_BP_14716,00006427
ML1_FAM_1,ML2_BP_14,ML3_BP_14711,ML4_BP_14713,00012397
ML1_FAM_1,ML2_BP_14,ML3_BP_1482,ML4_BP_1484,00006303
ML1_FAM_1,ML2_BP_14,ML3_BP_1482,ML4_BP_1488,00012366
ML1_FAM_1,ML2_BP_14,ML3_BP_14101,ML4_BP_1413,00006382
ML1_FAM_1,ML2_BP_14,ML3_BP_14101,ML4_BP_1415,00006419
ML1_FAM_1,ML2_BP_14,ML3_BP_14101,ML4_BP_1414,00006307
ML1_FAM_1,ML2_BP_14,ML3_BP_14101,ML4_BP_1411,00012394
ML1_FAM_1,ML2_BP_14,ML3_BP_14101,ML4_BP_1412,00006383
ML1_FAM_1,ML2_BP_14,ML3_BP_1480081,ML4_BP_1486008,00008576
ML1_FAM_1,ML2_BP_14,ML3_BP_1480081,ML4_BP_1482008,00008577
ML1_FAM_1,ML2_BP_14,ML3_BP_1432,ML4_BP_1432,00006409
ML1_FAM_1,ML2_BP_14,ML3_BP_1432,ML4_BP_1438,00006392
ML1_FAM_1,ML2_BP_14,ML3_BP_1432,ML4_BP_1437,00012391
ML1_FAM_1,ML2_BP_15,ML3_BP_1527,ML4_BP_1527004,00015391
ML1_FAM_1,ML2_BP_15,ML3_BP_1527,ML4_BP_1527001,00015186
ML1_FAM_1,ML2_BP_15,ML3_BP_1527,ML4_BP_1527002,00015306
ML1_FAM_1,ML2_BP_15,ML3_BP_1527,ML4_BP_1527003,00015551
ML1_FAM_1,ML2_BP_15,ML3_BP_1529,ML4_BP_152902,00012200
ML1_FAM_1,ML2_BP_15,ML3_BP_1529,ML4_BP_152904,00012474
ML1_FAM_1,ML2_BP_15,ML3_BP_1529,ML4_BP_152903,00012440
ML1_FAM_1,ML2_BP_15,ML3_BP_1529,ML4_BP_152907,00013223
ML1_FAM_1,ML2_BP_15,ML3_BP_1529,ML4_BP_152908,00012444
ML1_FAM_1,ML2_BP_15,ML3_BP_1529,ML4_BP_152905,00012465
ML1_FAM_1,ML2_BP_15,ML3_BP_156,ML4_BP_15635,00013535
ML1_FAM_1,ML2_BP_15,ML3_BP_156,ML4_BP_15632,00013530
ML1_FAM_1,ML2_BP_15,ML3_BP_156,ML4_BP_15636,00013546
ML1_FAM_1,ML2_BP_15,ML3_BP_156,ML4_BP_15537,00013541
ML1_FAM_1,ML2_BP_15,ML3_BP_156,ML4_BP_15633,00013532
ML1_FAM_1,ML2_BP_15,ML3_BP_156,ML4_BP_15634,00013534
ML1_FAM_1,ML2_BP_15,ML3_BP_156,ML4_BP_15631,00013507
ML1_FAM_1,ML2_BP_15,ML3_BP_15271,ML4_BP_152703,00012454
ML1_FAM_1,ML2_BP_15,ML3_BP_15271,ML4_BP_152701,00012302
ML1_FAM_1,ML2_BP_15,ML3_BP_15271,ML4_BP_152702,00012303
ML1_FAM_1,ML2_BP_15,ML3_BP_155,ML4_BP_15527,00015889
ML1_FAM_1,ML2_BP_15,ML3_BP_155,ML4_BP_15512,00012204
ML1_FAM_1,ML2_BP_15,ML3_BP_155,ML4_BP_15530,00015894
ML1_FAM_1,ML2_BP_15,ML3_BP_155,ML4_BP_15532,00015898
ML1_FAM_1,ML2_BP_15,ML3_BP_155,ML4_BP_15529,00015893
ML1_FAM_1,ML2_BP_15,ML3_BP_155,ML4_BP_15519,00012457
ML1_FAM_1,ML2_BP_15,ML3_BP_155,ML4_BP_15515,00012443
ML1_FAM_1,ML2_BP_15,ML3_BP_155,ML4_BP_15518,00012451
ML1_FAM_1,ML2_BP_15,ML3_BP_155,ML4_BP_15520,00012466
ML1_FAM_1,ML2_BP_15,ML3_BP_155,ML4_BP_15517,00012448
ML1_FAM_1,ML2_BP_15,ML3_BP_155,ML4_BP_15533,00015900
ML1_FAM_1,ML2_BP_15,ML3_BP_155,ML4_BP_15531,00015895
ML1_FAM_1,ML2_BP_15,ML3_BP_155,ML4_BP_15526,00015667
ML1_FAM_1,ML2_BP_15,ML3_BP_155,ML4_BP_15516,00012447
ML1_FAM_1,ML2_BP_15,ML3_BP_155,ML4_BP_15513,00012436
ML1_FAM_1,ML2_BP_15,ML3_BP_155,ML4_BP_15521,00012468
ML1_FAM_1,ML2_BP_15,ML3_BP_155,ML4_BP_15514,00012438
ML1_FAM_1,ML2_BP_15,ML3_BP_155,ML4_BP_15534,00015909
ML1_FAM_1,ML2_BP_15,ML3_BP_155,ML4_BP_15528,00015890
ML1_FAM_1,ML2_BP_15,ML3_BP_1594,ML4_BP_15943,00012441
ML1_FAM_1,ML2_BP_15,ML3_BP_1594,ML4_BP_15944,00012442
ML1_FAM_1,ML2_BP_15,ML3_BP_154,ML4_BP_15411,00009247
ML1_FAM_1,ML2_BP_15,ML3_BP_151,ML4_BP_15125777,00016130
ML1_FAM_1,ML2_BP_15,ML3_BP_1517,ML4_BP_15182,00009044
ML1_FAM_1,ML2_BP_15,ML3_BP_1517,ML4_BP_15179,00009032
ML1_FAM_1,ML2_BP_15,ML3_BP_1517,ML4_BP_15183,00009033
ML1_FAM_1,ML2_BP_15,ML3_BP_1517,ML4_BP_15178,00009039
ML1_FAM_1,ML2_BP_15,ML3_BP_1517,ML4_BP_15180,00009043
ML1_FAM_1,ML2_BP_15,ML3_BP_1517,ML4_BP_15181,00009034
ML1_FAM_1,ML2_BP_15,ML3_BP_1515,ML4_BP_15153008,00008314
ML1_FAM_1,ML2_BP_15,ML3_BP_1515,ML4_BP_15153008,00008315
ML1_FAM_1,ML2_BP_15,ML3_BP_1515,ML4_BP_15152008,00008313
ML1_FAM_1,ML2_BP_15,ML3_BP_1515,ML4_BP_15151008,00008312
ML1_FAM_1,ML2_BP_15,ML3_BP_158,ML4_BP_1582,00006993
ML1_FAM_1,ML2_BP_15,ML3_BP_158,ML4_BP_1583,00007430
ML1_FAM_1,ML2_BP_15,ML3_BP_158,ML4_BP_15910,00007415
ML1_FAM_1,ML2_BP_15,ML3_BP_158,ML4_BP_15914,00006992
ML1_FAM_1,ML2_BP_15,ML3_BP_158,ML4_BP_15912,00007413
ML1_FAM_1,ML2_BP_15,ML3_BP_158,ML4_BP_15911,00007422
ML1_FAM_1,ML2_BP_15,ML3_BP_158,ML4_BP_1581,00006440
ML1_FAM_1,ML2_BP_15,ML3_BP_158,ML4_BP_1584,00007424
ML1_FAM_1,ML2_BP_15,ML3_BP_158,ML4_BP_15915,00007428
ML1_FAM_1,ML2_BP_15,ML3_BP_158,ML4_BP_1585,00007418
ML1_FAM_1,featured_product,featured_product2,ML4_BP_11274008,00009412
ML1_FAM_1,featured_product,featured_product2,ML4_BP_17842008,00008655
ML1_FAM_1,featured_product,featured_product2,ML4_BP_11274008,00008544
ML1_FAM_1,featured_product,featured_product2,ML4_BP_15151008,00008312
ML1_FAM_1,featured_product,featured_product2,ML4_BP_17122008,00008807
ML1_FAM_1,featured_product,featured_product2,ML4_BP_17839008,00008808
ML1_FAM_1,featured_product,featured_product2,ML4_BP_17857008,00009272
ML1_FAM_1,featured_product,featured_product2,ML4_BP_11511100803,00008732
ML1_FAM_1,featured_product,featured_product2,ML4_BP_15259008,00008321
ML1_FAM_1,featured_product,featured_product2,ML4_BP_171303,00013299
ML1_FAM_1,featured_product,featured_product2,ML4_BP_11511100801,00008726
ML1_FAM_1,featured_product,featured_product2,ML4_BP_17846008,00008761
ML1_FAM_1,featured_product,featured_product2,ML4_BP_11611008,00009421
ML1_FAM_1,featured_product,featured_product2,ML4_BP_1789008,00008806
ML1_FAM_1,featured_product,featured_product2,ML4_BP_11511100802,00008730
ML1_FAM_1,featured_product,featured_product2,ML4_BP_17847008,00008762
ML1_FAM_1,featured_product,featured_product2,ML4_BP_1788008,00008805
ML1_FAM_1,featured_product,featured_product2,ML4_BP_17841008,00008810
ML1_FAM_1,featured_product,featured_product2,ML4_BP_11277008,00009410
ML1_FAM_1,featured_product,featured_product2,ML4_BP_17840008,00008809
ML1_FAM_1,featured_product,featured_product2,ML4_BP_17849008,00008724
ML1_FAM_1,featured_product,featured_product2,ML4_BP_11261008,00008323
ML1_FAM_1,featured_product,featured_product2,ML4_BP_17844008,00008657
ML1_FAM_1,featured_product,featured_product2,ML4_BP_17116008,00008652
ML1_FAM_1,featured_product,featured_product2,ML4_BP_1787008,00008804
ML1_FAM_1,featured_product,featured_product2,ML4_BP_1127013008,00013262
ML1_FAM_1,featured_product,featured_product2,ML4_BP_17848008,00008763
ML1_FAM_1,featured_product,featured_product2,ML4_BP_17119008,00008492
ML1_FAM_1,featured_product,featured_product2,ML4_BP_1786008,00008803
ML1_FAM_1,featured_product,featured_product2,ML4_BP_11420000123,00015127
ML1_FAM_1,featured_product,featured_product2,ML4_BP_17120008,00008640
ML1_FAM_1,featured_product,featured_product2,ML4_BP_11260008,00008322
ML1_FAM_1,featured_product,featured_product2,ML4_BP_11262008,00008325
ML1_FAM_1,featured_product,featured_product1,ML4_BP_1527202,00012303
ML1_FAM_1,featured_product,featured_product1,ML4_BP_11281,00007430
ML1_FAM_1,featured_product,featured_product1,ML4_BP_17120|ML4_BP_52212,00007228
ML1_FAM_1,featured_product,featured_product1,ML4_BP_1527201,00012302
ML1_FAM_1,featured_product,featured_product1,ML4_BP_1527203,00012454
ML1_FAM_1,featured_product,featured_product1,ML4_BP_14413,00006337
ML1_FAM_1,featured_product,featured_product1,ML4_BP_1168,00007421
ML1_FAM_1,featured_product,featured_product1,ML4_BP_17118,00007334
ML1_FAM_1,featured_product,featured_product1,ML4_BP_1527204,00007415
ML1_FAM_1,featured_product,featured_product1,ML4_BP_1142223,00015126
ML1_FAM_1,featured_product,featured_product1,ML4_BP_17119|ML4_BP_52211,00007229
ML1_FAM_1,featured_product,featured_product1,ML4_BP_1527205,00007428
ML1_FAM_1,ML2_BP_18,ML3_BP_1811,ML4_BP_181103,00011104
ML1_FAM_1,ML2_BP_18,ML3_BP_1811,ML4_BP_181101,00010794
ML1_FAM_1,ML2_BP_18,ML3_BP_1811,ML4_BP_181104,00011106
ML1_FAM_1,ML2_BP_18,ML3_BP_1811,ML4_BP_181102,00011103
ML1_FAM_1,ML2_BP_18,ML3_BP_181,ML4_BP_1814,00009090
ML1_FAM_1,ML2_BP_18,ML3_BP_181,ML4_BP_1813,00009087
ML1_FAM_1,ML2_BP_18,ML3_BP_181,ML4_BP_1811,00009079
ML1_FAM_1,ML2_BP_18,ML3_BP_181,ML4_BP_1816,00009065
ML1_FAM_1,ML2_BP_18,ML3_BP_181,ML4_BP_1818,00009094
ML1_FAM_1,ML2_BP_18,ML3_BP_181,ML4_BP_18110,00009095
ML1_FAM_1,ML2_BP_18,ML3_BP_181,ML4_BP_1817,00009071
ML1_FAM_1,ML2_BP_18,ML3_BP_181,ML4_BP_1815,00009096
ML1_FAM_1,ML2_BP_18,ML3_BP_188,ML4_BP_1882,00009269
ML1_FAM_1,ML2_BP_18,ML3_BP_188,ML4_BP_1883,00009091
ML1_FAM_1,ML2_BP_18,ML3_BP_188,ML4_BP_1885,00009070
ML1_FAM_1,ML2_BP_18,ML3_BP_188,ML4_BP_1884,00009092
ML1_FAM_1,ML2_BP_18,ML3_BP_188,ML4_BP_1881,00009093
ML1_FAM_1,ML2_BP_18,ML3_BP_1813,ML4_BP_181010,00009078
ML1_FAM_1,ML2_BP_18,ML3_BP_1813,ML4_BP_181005,00009077
ML1_FAM_1,ML2_BP_18,ML3_BP_1813,ML4_BP_181004,00009083
ML1_FAM_1,ML2_BP_18,ML3_BP_1813,ML4_BP_181008,00009089
ML1_FAM_1,ML2_BP_18,ML3_BP_1813,ML4_BP_181006,00009072
ML1_FAM_1,ML2_BP_18,ML3_BP_1813,ML4_BP_181011,00009067
ML1_FAM_1,ML2_BP_18,ML3_BP_1813,ML4_BP_181001,00009076
ML1_FAM_1,ML2_BP_18,ML3_BP_1813,ML4_BP_181009,00009068
ML1_FAM_1,ML2_BP_18,ML3_BP_1813,ML4_BP_181002,00009074
ML1_FAM_1,ML2_BP_18,ML3_BP_1813,ML4_BP_181003,00009066
ML1_FAM_1,ML2_BP_18,ML3_BP_1813,ML4_BP_181007,00009151
ML1_FAM_1,ML2_BP_18,ML3_BP_1813,ML4_BP_181012,00009085
ML1_FAM_1,ML2_BP_91,ML3_BP_911,ML4_BP_91103,00015341
ML1_FAM_1,ML2_BP_91,ML3_BP_911,ML4_BP_91101,00015344
ML1_FAM_1,ML2_BP_91,ML3_BP_911,ML4_BP_91105,00013652
ML1_FAM_1,ML2_BP_91,ML3_BP_911,ML4_BP_91102,00015337
ML1_FAM_1,ML2_BP_91,ML3_BP_911,ML4_BP_91104,00015858
ML1_FAM_1,ML2_BP_81,ML3_BP_814008,ML4_BP_8142008,00010684
ML1_FAM_1,ML2_BP_81,ML3_BP_814008,ML4_BP_8141008,00010683
ML1_FAM_1,ML2_BP_81,ML3_BP_814008,ML4_BP_8143008,00010682
ML1_FAM_1,ML2_BP_81,ML3_BP_816,ML4_BP_816002,00016205
ML1_FAM_1,ML2_BP_81,ML3_BP_816,ML4_BP_816001,00016204
ML1_FAM_1,ML2_BP_81,ML3_BP_816,ML4_BP_816003,00016206
ML1_FAM_1,ML2_BP_81,ML3_BP_815,ML4_BP_8152,00012326
ML1_FAM_1,ML2_BP_81,ML3_BP_812,ML4_BP_8122,00012312
ML1_FAM_1,ML2_BP_81,ML3_BP_812,ML4_BP_8121,00012369
ML1_FAM_1,ML2_BP_81,ML3_BP_812,ML4_BP_8123,00012376
ML1_FAM_1,ML2_BP_81,ML3_BP_811,ML4_BP_8112,00012354
ML1_FAM_1,ML2_BP_81,ML3_BP_811,ML4_BP_8111,00012325
ML1_FAM_1,ML2_BP_81,ML3_BP_815008,ML4_BP_8152008,00010686
ML1_FAM_1,ML2_BP_81,ML3_BP_812008,ML4_BP_8122008,00010677
ML1_FAM_1,ML2_BP_81,ML3_BP_812008,ML4_BP_8121008,00010678
ML1_FAM_1,ML2_BP_81,ML3_BP_812008,ML4_BP_8123008,00010679
ML1_FAM_1,ML2_BP_81,ML3_BP_811008,ML4_BP_8112008,00010680
ML1_FAM_1,ML2_BP_81,ML3_BP_811008,ML4_BP_8111008,00010681
ML1_FAM_1,ML2_BP_81,ML3_BP_813008,ML4_BP_8133008,00009378
ML1_FAM_1,ML2_BP_81,ML3_BP_813008,ML4_BP_8132008,00010676
ML1_FAM_1,ML2_BP_81,ML3_BP_813008,ML4_BP_8131008,00010650
ML1_FAM_1,ML2_BP_81,ML3_BP_813,ML4_BP_8133,00012386
ML1_FAM_1,ML2_BP_81,ML3_BP_813,ML4_BP_8131,00012348
ML1_FAM_1,ML2_BP_81,ML3_BP_813,ML4_BP_8132,00012329
ML1_FAM_1,ML2_BP_81,ML3_BP_814,ML4_BP_8142,00012359
ML1_FAM_1,ML2_BP_81,ML3_BP_814,ML4_BP_8141,00012339
ML1_FAM_1,ML2_BP_81,ML3_BP_814,ML4_BP_8143,00012331
ML1_FAM_1,ML2_BP_71,ML3_BP_714,ML4_BP_7143,00010709
ML1_FAM_1,ML2_BP_71,ML3_BP_714,ML4_BP_7141,00010706
ML1_FAM_1,ML2_BP_71,ML3_BP_714,ML4_BP_7144,00010710
ML1_FAM_1,ML2_BP_71,ML3_BP_714,ML4_BP_7142,00010708
ML1_FAM_1,ML2_BP_71,ML3_BP_713,ML4_BP_7133,00010702
ML1_FAM_1,ML2_BP_71,ML3_BP_713,ML4_BP_7131,00010687
ML1_FAM_1,ML2_BP_71,ML3_BP_713,ML4_BP_7132,00010700
ML1_FAM_1,ML2_BP_71,ML3_BP_713,ML4_BP_7134,00010703
ML1_FAM_1,ML2_BP_71,ML3_BP_711,ML4_BP_7111,00006182
ML1_FAM_1,ML2_BP_71,ML3_BP_711,ML4_BP_7113,00006158
ML1_FAM_1,ML2_BP_71,ML3_BP_711,ML4_BP_7114,00006312
ML1_FAM_1,ML2_BP_71,ML3_BP_711,ML4_BP_7112,00006179
ML1_FAM_1,ML2_BP_71,ML3_BP_712,ML4_BP_7126,00006199
ML1_FAM_1,ML2_BP_71,ML3_BP_712,ML4_BP_7124,00006202
ML1_FAM_1,ML2_BP_71,ML3_BP_712,ML4_BP_7122,00006181
ML1_FAM_1,ML2_BP_71,ML3_BP_712,ML4_BP_7125,00006184
ML1_FAM_1,ML2_BP_27,ML3_BP_271,ML4_BP_2719,00015883
ML1_FAM_1,ML2_BP_27,ML3_BP_271,ML4_BP_27110,00015938
ML1_FAM_1,ML2_BP_27,ML3_BP_271,ML4_BP_27111,00015939
ML1_FAM_1,ML2_BP_27,ML3_BP_271,ML4_BP_27112,00015940
